date,position,strategy_return,bh_return
1990-01-31,0.0,0.0,0.0
1990-02-28,0.0,0.0,0.0
1990-03-31,0.0,0.0,0.0
1990-04-30,0.0,0.0,0.0
1990-05-31,0.0,0.0,0.0
1990-06-30,0.0,0.0,0.0
1990-07-31,0.0,0.0,0.0
1990-08-31,0.0,0.0,0.0
1990-09-30,0.0,0.0,0.0
1990-10-31,0.0,0.0,0.0
1990-11-30,0.0,0.0,0.0
1990-12-31,0.0,0.0,0.0
1991-01-31,0.0,0.0,0.0
1991-02-28,0.0,0.0,0.0
1991-03-31,0.0,0.0,0.0
1991-04-30,0.0,0.0,0.0
1991-05-31,0.0,0.0,0.0
1991-06-30,0.0,0.0,0.0
1991-07-31,0.0,0.0,0.0
1991-08-31,0.0,0.0,0.0
1991-09-30,0.0,0.0,0.0
1991-10-31,0.0,0.0,0.0
1991-11-30,0.0,0.0,0.0
1991-12-31,0.0,0.0,0.0
1992-01-31,0.0,0.0,0.0
1992-02-29,0.0,0.0,0.0
1992-03-31,0.0,0.0,0.0
1992-04-30,0.0,0.0,0.0
1992-05-31,0.0,0.0,0.0
1992-06-30,0.0,0.0,0.0
1992-07-31,0.0,0.0,0.0
1992-08-31,0.0,0.0,0.0
1992-09-30,0.0,0.0,0.0
1992-10-31,0.0,0.0,0.0
1992-11-30,0.0,0.0,0.0
1992-12-31,0.0,0.0,0.0
1993-01-31,0.0,0.0,0.0
1993-02-28,0.0,0.0,0.010668499
1993-03-31,0.0,0.0,0.0223997327
1993-04-30,0.0,-0.0,-0.0255877845
1993-05-31,0.0,0.0,0.0269693456
1993-06-30,0.0,0.0,0.0036070967
1993-07-31,0.0,-0.0,-0.004853868
1993-08-31,0.0,0.0,0.0383271001
1993-09-30,0.0,-0.0,-0.0072752239
1993-10-31,0.0,0.0,0.0197276845
1993-11-30,0.0,-0.0,-0.0106742078
1993-12-31,0.0,0.0,0.0122773458
1994-01-31,0.0,0.0,0.0348756634
1994-02-28,1.0,-0.0291641835,-0.0291641835
1994-03-31,1.0,-0.0419013391,-0.0419013391
1994-04-30,0.0,0.0,0.0112125303
1994-05-31,1.0,0.015938707,0.015938707
1994-06-30,0.0,-0.0,-0.0229135314
1994-07-31,0.0,0.0,0.0323259346
1994-08-31,1.0,0.0381204747,0.0381204747
1994-09-30,1.0,-0.0252545222,-0.0252545222
1994-10-31,0.0,0.0,0.028426838
1994-11-30,1.0,-0.0398160147,-0.0398160147
1994-12-31,0.0,0.0,0.0072824177
1995-01-31,1.0,0.0336076126,0.0336076126
1995-02-28,0.0,0.0,0.0408097902
1995-03-31,1.0,0.0278476534,0.0278476534
1995-04-30,1.0,0.0296230148,0.0296230148
1995-05-31,1.0,0.0396723907,0.0396723907
1995-06-30,0.0,0.0,0.020229924
1995-07-31,0.0,0.0,0.0321652562
1995-08-31,0.0,0.0,0.004451718
1995-09-30,0.0,0.0,0.0423766465
1995-10-31,0.0,-0.0,-0.0029387596
1995-11-30,0.0,0.0,0.0444800228
1995-12-31,0.0,0.0,0.0157327458
1996-01-31,1.0,0.0355783303,0.0355783303
1996-02-29,0.0,0.0,0.0031900481
1996-03-31,0.0,0.0,0.0172180293
1996-04-30,0.0,0.0,0.0108701174
1996-05-31,0.0,0.0,0.0226995438
1996-06-30,0.0,0.0,0.0088222439
1996-07-31,1.0,-0.0449357866,-0.0449357866
1996-08-31,0.0,0.0,0.0192581928
1996-09-30,1.0,0.0558727416,0.0558727416
1996-10-31,1.0,0.0323316462,0.0323316462
1996-11-30,1.0,0.0730041029,0.0730041029
1996-12-31,0.0,-0.0,-0.0237978792
1997-01-31,0.0,0.0,0.0617865088
1997-02-28,0.0,0.0,0.0095652827
1997-03-31,0.0,-0.0,-0.044122658
1997-04-30,1.0,0.0626035508,0.0626035508
1997-05-31,0.0,0.0,0.0632077278
1997-06-30,0.0,0.0,0.0411016495
1997-07-31,1.0,0.0792641101,0.0792641101
1997-08-31,0.0,-0.0,-0.0518033117
1997-09-30,0.0,0.0,0.0480907632
1997-10-31,0.0,-0.0,-0.0245032249
1997-11-30,0.0,0.0,0.0386965312
1997-12-31,1.0,0.0190714717,0.0190714717
1998-01-31,1.0,0.0128783792,0.0128783792
1998-02-28,1.0,0.0692940939,0.0692940939
1998-03-31,1.0,0.048783595,0.048783595
1998-04-30,1.0,0.012791064,0.012791064
1998-05-31,0.0,-0.0,-0.0207683499
1998-06-30,0.0,0.0,0.0425732379
1998-07-31,0.0,-0.0,-0.0135137281
1998-08-31,0.0,-0.0,-0.1411794828
1998-09-30,0.0,0.0,0.0636392618
1998-10-31,0.0,0.0,0.0810809343
1998-11-30,0.0,0.0,0.0556824659
1998-12-31,0.0,0.0,0.0654217983
1999-01-31,1.0,0.035225665,0.035225665
1999-02-28,0.0,-0.0,-0.0320685794
1999-03-31,0.0,0.0,0.041467949
1999-04-30,0.0,0.0,0.0379743079
1999-05-31,0.0,-0.0,-0.0228658305
1999-06-30,0.0,0.0,0.0553785968
1999-07-31,0.0,-0.0,-0.0310215316
1999-08-31,0.0,-0.0,-0.0051788851
1999-09-30,0.0,-0.0,-0.0223375553
1999-10-31,0.0,0.0,0.0640779484
1999-11-30,0.0,0.0,0.0166510828
1999-12-31,0.0,0.0,0.0571093195
2000-01-31,0.0,-0.0,-0.0497871753
2000-02-29,0.0,-0.0,-0.0152261357
2000-03-31,1.0,0.0969145977,0.0969145977
2000-04-30,0.0,-0.0,-0.0351204853
2000-05-31,1.0,-0.0157227478,-0.0157227478
2000-06-30,0.0,0.0,0.0196814186
2000-07-31,0.0,-0.0,-0.0157011695
2000-08-31,0.0,0.0,0.0653402621
2000-09-30,0.0,-0.0,-0.0548623595
2000-10-31,0.0,-0.0,-0.0046778874
2000-11-30,0.0,-0.0,-0.0746527614
2000-12-31,0.0,-0.0,-0.0052266295
2001-01-31,0.0,0.0,0.0444592366
2001-02-28,0.0,-0.0,-0.0953876952
2001-03-31,0.0,-0.0,-0.0560369689
2001-04-30,0.0,0.0,0.0854400048
2001-05-31,0.0,-0.0,-0.0056055539
2001-06-30,0.0,-0.0,-0.0238292366
2001-07-31,0.0,-0.0,-0.0101963199
2001-08-31,0.0,-0.0,-0.0593323679
2001-09-30,0.0,-0.0,-0.0816303069
2001-10-31,0.0,0.0,0.0130219241
2001-11-30,0.0,0.0,0.0779771655
2001-12-31,0.0,0.0,0.0056396281
2002-01-31,0.0,-0.0,-0.0097991448
2002-02-28,0.0,-0.0,-0.0179359106
2002-03-31,0.0,0.0,0.0332709681
2002-04-30,0.0,-0.0,-0.0581559361
2002-05-31,0.0,-0.0,-0.0059339604
2002-06-30,1.0,-0.0738069462,-0.0738069462
2002-07-31,0.0,-0.0,-0.0788199004
2002-08-31,1.0,0.00680073,0.00680073
2002-09-30,0.0,-0.0,-0.1048516199
2002-10-31,0.0,0.0,0.0822833093
2002-11-30,1.0,0.0616807537,0.0616807537
2002-12-31,0.0,-0.0,-0.0565696256
2003-01-31,0.0,-0.0,-0.0245949198
2003-02-28,0.0,-0.0,-0.0134786945
2003-03-31,0.0,0.0,0.0021395994
2003-04-30,1.0,0.0846121934,0.0846121934
2003-05-31,0.0,0.0,0.0548361528
2003-06-30,1.0,0.0106508993,0.0106508993
2003-07-31,0.0,0.0,0.0180276938
2003-08-31,0.0,0.0,0.0206256628
2003-09-30,0.0,-0.0,-0.0109062832
2003-10-31,0.0,0.0,0.053527317
2003-11-30,0.0,0.0,0.0109211703
2003-12-31,1.0,0.0503128161,0.0503128161
2004-01-31,0.0,0.0,0.0197697919
2004-02-29,1.0,0.0135711327,0.0135711327
2004-03-31,0.0,-0.0,-0.0132456211
2004-04-30,1.0,-0.0189213553,-0.0189213553
2004-05-31,0.0,0.0,0.0171231932
2004-06-30,0.0,0.0,0.0185016075
2004-07-31,1.0,-0.0322192498,-0.0322192498
2004-08-31,0.0,0.0,0.0024367307
2004-09-30,0.0,0.0,0.0100367602
2004-10-31,1.0,0.0128851029,0.0128851029
2004-11-30,0.0,0.0,0.0445164526
2004-12-31,1.0,0.0301215611,0.0301215611
2005-01-31,0.0,-0.0,-0.0224210757
2005-02-28,0.0,0.0,0.0209038963
2005-03-31,1.0,-0.0182928694,-0.0182928694
2005-04-30,0.0,-0.0,-0.0187348792
2005-05-31,1.0,0.0322247172,0.0322247172
2005-06-30,0.0,0.0,0.0015148502
2005-07-31,1.0,0.0382612051,0.0382612051
2005-08-31,0.0,-0.0,-0.0093741935
2005-09-30,0.0,0.0,0.0080253378
2005-10-31,0.0,-0.0,-0.0236510871
2005-11-30,0.0,0.0,0.0439525477
2005-12-31,0.0,-0.0,-0.0019134559
2006-01-31,0.0,0.0,0.0240142051
2006-02-28,0.0,0.0,0.0057251101
2006-03-31,1.0,0.0165041445,0.0165041445
2006-04-30,1.0,0.0126318615,0.0126318615
2006-05-31,0.0,-0.0,-0.030120609
2006-06-30,0.0,0.0,0.0026078378
2006-07-31,0.0,0.0,0.0044782021
2006-08-31,0.0,0.0,0.0218224484
2006-09-30,0.0,0.0,0.0270018138
2006-10-31,0.0,0.0,0.0315166887
2006-11-30,0.0,0.0,0.0198854559
2006-12-31,0.0,0.0,0.0133715856
2007-01-31,0.0,0.0,0.0150399174
2007-02-28,0.0,-0.0,-0.0196175485
2007-03-31,0.0,0.0,0.0115885905
2007-04-30,0.0,0.0,0.0442960674
2007-05-31,1.0,0.0339202392,0.0339202392
2007-06-30,0.0,-0.0,-0.0146209615
2007-07-31,1.0,-0.03131012,-0.03131012
2007-08-31,0.0,0.0,0.0128329592
2007-09-30,1.0,0.0387140196,0.0387140196
2007-10-31,0.0,0.0,0.0135664802
2007-11-30,0.0,-0.0,-0.0387321239
2007-12-31,0.0,-0.0,-0.0112608754
2008-01-31,0.0,-0.0,-0.060461013
2008-02-29,0.0,-0.0,-0.0258429419
2008-03-31,0.0,-0.0,-0.0089420983
2008-04-30,1.0,0.0476620706,0.0476620706
2008-05-31,0.0,0.0,0.0151166545
2008-06-30,0.0,-0.0,-0.0835759407
2008-07-31,0.0,-0.0,-0.0089856745
2008-08-31,0.0,0.0,0.0154539705
2008-09-30,0.0,-0.0,-0.09417346
2008-10-31,0.0,-0.0,-0.1651867063
2008-11-30,0.0,-0.0,-0.0696067082
2008-12-31,0.0,0.0,0.0097961371
2009-01-31,0.0,-0.0,-0.0821143013
2009-02-28,0.0,-0.0,-0.1074488413
2009-03-31,1.0,0.0833105993,0.0833105993
2009-04-30,0.0,0.0,0.0993460453
2009-05-31,0.0,0.0,0.0584534651
2009-06-30,0.0,-0.0,-0.0006548995
2009-07-31,0.0,0.0,0.0746061381
2009-08-31,0.0,0.0,0.0369394029
2009-09-30,0.0,0.0,0.0354570658
2009-10-31,0.0,-0.0,-0.0192253415
2009-11-30,0.0,0.0,0.0616067466
2009-12-31,1.0,0.0191010961,0.0191010961
2010-01-31,1.0,-0.0363423486,-0.0363423486
2010-02-28,1.0,0.0311947655,0.0311947655
2010-03-31,0.0,0.0,0.0608796789
2010-04-30,0.0,0.0,0.0154697383
2010-05-31,0.0,-0.0,-0.079454508
2010-06-30,1.0,-0.0517407461,-0.0517407461
2010-07-31,0.0,0.0,0.0683003562
2010-08-31,1.0,-0.0449805691,-0.0449805691
2010-09-30,0.0,0.0,0.0895550458
2010-10-31,1.0,0.0382020664,0.0382020664
2010-11-30,0.0,0.0,0.0
2010-12-31,0.0,0.0,0.066852038
2011-01-31,0.0,0.0,0.0233001846
2011-02-28,0.0,0.0,0.034737605
2011-03-31,0.0,0.0,0.0001197671
2011-04-30,0.0,0.0,0.0289615938
2011-05-31,1.0,-0.0112143185,-0.0112143185
2011-06-30,0.0,-0.0,-0.0168696764
2011-07-31,0.0,-0.0,-0.0200043905
2011-08-31,1.0,-0.054976052,-0.054976052
2011-09-30,0.0,-0.0,-0.0694204647
2011-10-31,0.0,0.0,0.1091468057
2011-11-30,0.0,-0.0,-0.004063874
2011-12-31,1.0,0.0104484475,0.0104484475
2012-01-31,1.0,0.0463746038,0.0463746038
2012-02-29,0.0,0.0,0.0434056487
2012-03-31,1.0,0.0321635201,0.0321635201
2012-04-30,0.0,-0.0,-0.0066754798
2012-05-31,1.0,-0.0600557931,-0.0600557931
2012-06-30,1.0,0.040581284,0.040581284
2012-07-31,0.0,0.0,0.0118290988
2012-08-31,0.0,0.0,0.0250529439
2012-09-30,1.0,0.0253511485,0.0253511485
2012-10-31,0.0,-0.0,-0.0181986358
2012-11-30,0.0,0.0,0.0056596308
2012-12-31,0.0,0.0,0.0089343474
2013-01-31,0.0,0.0,0.0511905439
2013-02-28,0.0,0.0,0.0127586646
2013-03-31,0.0,0.0,0.0379707261
2013-04-30,0.0,0.0,0.0192128807
2013-05-31,0.0,0.0,0.0236095858
2013-06-30,0.0,-0.0,-0.0133440947
2013-07-31,0.0,0.0,0.0516769079
2013-08-31,0.0,-0.0,-0.0299926863
2013-09-30,0.0,0.0,0.031646522
2013-10-31,0.0,0.0,0.0463069532
2013-11-30,0.0,0.0,0.0296374167
2013-12-31,0.0,0.0,0.0259263611
2014-01-31,1.0,-0.0352480167,-0.0352480167
2014-02-28,0.0,0.0,0.0455153893
2014-03-31,0.0,0.0,0.0082956961
2014-04-30,0.0,0.0,0.0069515023
2014-05-31,0.0,0.0,0.0232062734
2014-06-30,0.0,0.0,0.0206451674
2014-07-31,1.0,-0.0134374637,-0.0134374637
2014-08-31,1.0,0.0394632598,0.0394632598
2014-09-30,0.0,-0.0,-0.0137961096
2014-10-31,0.0,0.0,0.0235507506
2014-11-30,0.0,0.0,0.0274718962
2014-12-31,0.0,-0.0,-0.0025366072
2015-01-31,0.0,-0.0,-0.0296293157
2015-02-28,0.0,0.0,0.0562049949
2015-03-31,0.0,-0.0,-0.0157059422
2015-04-30,1.0,0.0098339042,0.0098339042
2015-05-31,0.0,0.0,0.0128562687
2015-06-30,0.0,-0.0,-0.0203121732
2015-07-31,0.0,0.0,0.0225894482
2015-08-31,0.0,-0.0,-0.0609502762
2015-09-30,0.0,-0.0,-0.0255158601
2015-10-31,0.0,0.0,0.0850595205
2015-11-30,0.0,0.0,0.0036554333
2015-12-31,1.0,-0.0172827121,-0.0172827121
2016-01-31,0.0,-0.0,-0.0497866796
2016-02-29,0.0,-0.0,-0.0008262053
2016-03-31,0.0,0.0,0.0672664972
2016-04-30,0.0,0.0,0.0039409678
2016-05-31,0.0,0.0,0.0170117623
2016-06-30,1.0,0.0034759,0.0034759
2016-07-31,0.0,0.0,0.0364711567
2016-08-31,0.0,0.0,0.0011975367
2016-09-30,0.0,0.0,5.79527e-05
2016-10-31,0.0,-0.0,-0.0173369337
2016-11-30,1.0,0.0368383948,0.0368383948
2016-12-31,0.0,0.0,0.0202715205
2017-01-31,0.0,0.0,0.0178949173
2017-02-28,0.0,0.0,0.0392913555
2017-03-31,0.0,0.0,0.0012502417
2017-04-30,0.0,0.0,0.0099260201
2017-05-31,1.0,0.0141129912,0.0141129912
2017-06-30,0.0,0.0,0.0063749679
2017-07-31,0.0,0.0,0.0205540342
2017-08-31,1.0,0.0029177345,0.0029177345
2017-09-30,1.0,0.0201493637,0.0201493637
2017-10-31,0.0,0.0,0.0235642097
2017-11-30,0.0,0.0,0.030565745
2017-12-31,0.0,0.0,0.0121279995
2018-01-31,0.0,0.0,0.056358896
2018-02-28,0.0,-0.0,-0.0363602487
2018-03-31,1.0,-0.0274105768,-0.0274105768
2018-04-30,0.0,0.0,0.0051682503
2018-05-31,0.0,0.0,0.0243094113
2018-06-30,0.0,0.0,0.0057506188
2018-07-31,0.0,0.0,0.0370463054
2018-08-31,1.0,0.0319203182,0.0319203182
2018-09-30,1.0,0.0059453743,0.0059453743
2018-10-31,0.0,-0.0,-0.0691041228
2018-11-30,1.0,0.018549009,0.018549009
2018-12-31,0.0,-0.0,-0.0880483329
2019-01-31,1.0,0.0800657381,0.0800657381
2019-02-28,0.0,0.0,0.0324154929
2019-03-31,0.0,0.0,0.0181007712
2019-04-30,0.0,0.0,0.0408522677
2019-05-31,0.0,-0.0,-0.0637709993
2019-06-30,0.0,0.0,0.0695864363
2019-07-31,0.0,0.0,0.0151193266
2019-08-31,0.0,-0.0,-0.0167433429
2019-09-30,0.0,0.0,0.0194576439
2019-10-31,0.0,0.0,0.0221047763
2019-11-30,0.0,0.0,0.036198118
2019-12-31,0.0,0.0,0.0290554408
2020-01-31,1.0,-0.0004037408,-0.0004037408
2020-02-29,0.0,-0.0,-0.0791655772
2020-03-31,0.0,-0.0,-0.1248713736
2020-04-30,1.0,0.1269833389,0.1269833389
2020-05-31,0.0,0.0,0.0476452951
2020-06-30,0.0,0.0,0.0177345357
2020-07-31,1.0,0.0588923405,0.0588923405
2020-08-31,0.0,0.0,0.0697965868
2020-09-30,0.0,-0.0,-0.0374435122
2020-10-31,1.0,-0.0249337561,-0.0249337561
2020-11-30,1.0,0.1087771303,0.1087771303
2020-12-31,1.0,0.0370483855,0.0370483855
2021-01-31,1.0,-0.0101906202,-0.0101906202
2021-02-28,0.0,0.0,0.0278055414
2021-03-31,1.0,0.0453993335,0.0453993335
2021-04-30,0.0,0.0,0.0529103344
2021-05-31,1.0,0.006566173,0.006566173
2021-06-30,1.0,0.022427432,0.022427432
2021-07-31,0.0,0.0,0.0244124422
2021-08-31,1.0,0.0297598675,0.0297598675
2021-09-30,0.0,-0.0,-0.0466055363
2021-10-31,1.0,0.0701636748,0.0701636748
2021-11-30,0.0,-0.0,-0.0080348807
2021-12-31,0.0,0.0,0.0462477148
2022-01-31,0.0,-0.0,-0.0527413552
2022-02-28,0.0,-0.0,-0.0295168471
2022-03-31,1.0,0.0375902144,0.0375902144
2022-04-30,0.0,-0.0,-0.0877689546
2022-05-31,0.0,0.0,0.0022571467
2022-06-30,0.0,-0.0,-0.0824603089
2022-07-31,0.0,0.0,0.0920874556
2022-08-31,0.0,-0.0,-0.0408020178
2022-09-30,0.0,-0.0,-0.0924459746
2022-10-31,0.0,0.0,0.0812756735
2022-11-30,0.0,0.0,0.0555915419
2022-12-31,0.0,-0.0,-0.0576283947
2023-01-31,0.0,0.0,0.0628875229
2023-02-28,0.0,-0.0,-0.0251426766
2023-03-31,0.0,0.0,0.0370777455
2023-04-30,0.0,0.0,0.0159749113
2023-05-31,0.0,0.0,0.0046162835
2023-06-30,1.0,0.0647998158,0.0647998158
2023-07-31,0.0,0.0,0.0327333098
2023-08-31,0.0,-0.0,-0.0162521375
2023-09-30,0.0,-0.0,-0.0474344185
2023-10-31,0.0,-0.0,-0.0217084902
2023-11-30,0.0,0.0,0.0913437541
2023-12-31,1.0,0.0456552503,0.0456552503
2024-01-31,0.0,0.0,0.0159264794
2024-02-29,0.0,0.0,0.0521868451
2024-03-31,0.0,0.0,0.0327019229
2024-04-30,0.0,-0.0,-0.0403195651
2024-05-31,0.0,0.0,0.0505798342
2024-06-30,0.0,0.0,0.0352799219
2024-07-31,1.0,0.0121090571,0.0121090571
2024-08-31,0.0,0.0,0.0233657767
2024-09-30,0.0,0.0,0.021004549
2024-10-31,0.0,-0.0,-0.0089235586
2024-11-30,0.0,0.0,0.0596334129
2024-12-31,0.0,-0.0,-0.0240601847
2025-01-31,0.0,0.0,0.0268564109
2025-02-28,0.0,-0.0,-0.0126947357
2025-03-31,0.0,-0.0,-0.0557191959
2025-04-30,0.0,-0.0,-0.0086701191
2025-05-31,1.0,0.0628448999,0.0628448999
2025-06-30,0.0,0.0,0.0513861828
2025-07-31,1.0,0.023031505,0.023031505
2025-08-31,0.0,0.0,0.0205194921
2025-09-30,0.0,0.0,0.0356203695
2025-10-31,0.0,0.0,0.0238374585
2025-11-30,0.0,0.0,0.0019499283
2025-12-31,0.0,0.0,0.0082677083
