transform,L0,L1,L2,L3,L4,L5,L6,L7,L8,L9,L10,L11,L12,best_lead,best_r
vix_ratio,-0.019,+0.041,+0.034,-0.048,+0.000,+0.062,-0.163*,-0.087,+0.065,+0.016,-0.002,+0.014,-0.023,L6,-0.163
vix_ratio_zscore_252d,-0.007,+0.014,+0.079,+0.009,+0.051,+0.116,-0.125,-0.064,+0.095,+0.038,+0.037,+0.027,-0.002,L6,-0.125
vix_ratio_zscore_126d,+0.030,+0.020,+0.068,-0.010,+0.030,+0.062,-0.194**,-0.084,+0.101,+0.067,+0.042,+0.065,+0.007,L6,-0.194
vix_ratio_roc_5d,-0.077,-0.005,+0.076,+0.006,-0.034,-0.020,-0.104,-0.075,-0.029,-0.000,+0.010,+0.050,-0.039,L6,-0.104
vix_ratio_roc_21d,-0.070,+0.030,+0.120,-0.037,-0.061,+0.179**,-0.074,-0.139*,+0.043,+0.046,-0.020,+0.055,-0.028,L5,+0.179
vix_ratio_mom_21d,-0.067,+0.043,+0.122,-0.034,-0.055,+0.172*,-0.078,-0.146*,+0.045,+0.036,-0.017,+0.053,-0.031,L5,+0.172
vix_ratio_pctrank_252d,+0.081,+0.044,+0.024,+0.014,+0.072,+0.089,-0.166*,-0.078,+0.048,+0.063,+0.002,+0.011,-0.002,L6,-0.166
vix_backwardation,-0.035,-0.062,-0.001,-0.111,-0.034,+0.093,-0.047,-0.078,+0.088,+0.002,-0.007,-0.012,+0.018,L3,-0.111
vix_term_spread,+0.056,-0.044,+0.017,+0.094,-0.028,-0.110,+0.151*,+0.067,-0.109,-0.023,-0.002,-0.026,+0.002,L6,+0.151
