signal,threshold,strategy,signal_column,lead_days,oos_sharpe,max_drawdown,valid,lead_source
S1_ratio,T1_p25,P2,vix_ratio,0,0.9888,-15.14,True,pipeline
S1_ratio,T1_p50,P2,vix_ratio,0,0.9888,-15.14,True,pipeline
S1_ratio,T1_p75,P1,vix_ratio,0,1.0251,-23.78,True,pipeline
S1_ratio,T1_p75,P2,vix_ratio,0,0.9888,-15.14,True,pipeline
S1_ratio,T2_rp25,P2,vix_ratio,0,0.9888,-15.14,True,pipeline
S1_ratio,T2_rp50,P2,vix_ratio,0,0.9888,-15.14,True,pipeline
S1_ratio,T2_rp75,P1,vix_ratio,0,0.946,-19.59,True,pipeline
S1_ratio,T2_rp75,P2,vix_ratio,0,0.9888,-15.14,True,pipeline
S1_ratio,T4_unity,P1,vix_ratio,0,0.9676,-29.03,True,pipeline
S1_ratio,T4_unity,P2,vix_ratio,0,0.9888,-15.14,True,pipeline
S1_ratio,T1_p25,P2,vix_ratio,1,1.0219,-16.98,True,pipeline
S1_ratio,T1_p50,P2,vix_ratio,1,1.0219,-16.98,True,pipeline
S1_ratio,T1_p75,P1,vix_ratio,1,0.9225,-25.6,True,pipeline
S1_ratio,T1_p75,P2,vix_ratio,1,1.0219,-16.98,True,pipeline
S1_ratio,T2_rp25,P2,vix_ratio,1,1.0219,-16.98,True,pipeline
S1_ratio,T2_rp50,P2,vix_ratio,1,1.0219,-16.98,True,pipeline
S1_ratio,T2_rp75,P1,vix_ratio,1,0.843,-26.38,True,pipeline
S1_ratio,T2_rp75,P2,vix_ratio,1,1.0219,-16.98,True,pipeline
S1_ratio,T4_unity,P1,vix_ratio,1,0.7475,-34.15,True,pipeline
S1_ratio,T4_unity,P2,vix_ratio,1,1.0219,-16.98,True,pipeline
S1_ratio,T1_p25,P2,vix_ratio,5,0.9791,-18.26,True,pipeline
S1_ratio,T1_p50,P2,vix_ratio,5,0.9791,-18.26,True,pipeline
S1_ratio,T1_p75,P1,vix_ratio,5,0.6447,-25.03,True,pipeline
S1_ratio,T1_p75,P2,vix_ratio,5,0.9791,-18.26,True,pipeline
S1_ratio,T2_rp25,P2,vix_ratio,5,0.9791,-18.26,True,pipeline
S1_ratio,T2_rp50,P2,vix_ratio,5,0.9791,-18.26,True,pipeline
S1_ratio,T2_rp75,P1,vix_ratio,5,0.521,-32.42,True,pipeline
S1_ratio,T2_rp75,P2,vix_ratio,5,0.9791,-18.26,True,pipeline
S1_ratio,T4_unity,P1,vix_ratio,5,0.8004,-26.21,True,pipeline
S1_ratio,T4_unity,P2,vix_ratio,5,0.9791,-18.26,True,pipeline
S1_ratio,T1_p25,P2,vix_ratio,21,0.6206,-20.26,True,pipeline
S1_ratio,T1_p50,P2,vix_ratio,21,0.6206,-20.26,True,pipeline
S1_ratio,T1_p75,P1,vix_ratio,21,0.3611,-34.0,True,pipeline
S1_ratio,T1_p75,P2,vix_ratio,21,0.6206,-20.26,True,pipeline
S1_ratio,T2_rp25,P2,vix_ratio,21,0.6206,-20.26,True,pipeline
S1_ratio,T2_rp50,P2,vix_ratio,21,0.6206,-20.26,True,pipeline
S1_ratio,T2_rp75,P1,vix_ratio,21,0.5047,-31.96,True,pipeline
S1_ratio,T2_rp75,P2,vix_ratio,21,0.6206,-20.26,True,pipeline
S1_ratio,T4_unity,P1,vix_ratio,21,0.6531,-31.51,True,pipeline
S1_ratio,T4_unity,P2,vix_ratio,21,0.6206,-20.26,True,pipeline
S1_ratio,T1_p25,P1,vix_ratio,63,0.1628,-30.51,True,pipeline
S1_ratio,T1_p25,P2,vix_ratio,63,0.6299,-30.18,True,pipeline
S1_ratio,T1_p50,P2,vix_ratio,63,0.6299,-30.18,True,pipeline
S1_ratio,T1_p75,P1,vix_ratio,63,0.5344,-33.72,True,pipeline
S1_ratio,T1_p75,P2,vix_ratio,63,0.6299,-30.18,True,pipeline
S1_ratio,T2_rp25,P2,vix_ratio,63,0.6299,-30.18,True,pipeline
S1_ratio,T2_rp50,P2,vix_ratio,63,0.6299,-30.18,True,pipeline
S1_ratio,T2_rp75,P1,vix_ratio,63,0.6591,-33.72,True,pipeline
S1_ratio,T2_rp75,P2,vix_ratio,63,0.6299,-30.18,True,pipeline
S1_ratio,T4_unity,P1,vix_ratio,63,0.6794,-33.72,True,pipeline
S1_ratio,T4_unity,P2,vix_ratio,63,0.6299,-30.18,True,pipeline
S1_ratio,T1_p25,P2,vix_ratio,126,0.6333,-28.0,True,pipeline
S1_ratio,T1_p50,P2,vix_ratio,126,0.6333,-28.0,True,pipeline
S1_ratio,T1_p75,P1,vix_ratio,126,0.729,-28.55,True,pipeline
S1_ratio,T1_p75,P2,vix_ratio,126,0.6333,-28.0,True,pipeline
S1_ratio,T2_rp25,P2,vix_ratio,126,0.6333,-28.0,True,pipeline
S1_ratio,T2_rp50,P2,vix_ratio,126,0.6333,-28.0,True,pipeline
S1_ratio,T2_rp75,P1,vix_ratio,126,0.599,-33.44,True,pipeline
S1_ratio,T2_rp75,P2,vix_ratio,126,0.6333,-28.0,True,pipeline
S1_ratio,T4_unity,P1,vix_ratio,126,0.7204,-33.72,True,pipeline
S1_ratio,T4_unity,P2,vix_ratio,126,0.6333,-28.0,True,pipeline
S1_ratio,T1_p25,P1,vix_ratio,252,0.3063,-15.18,True,pipeline
S1_ratio,T1_p25,P2,vix_ratio,252,0.7313,-24.74,True,pipeline
S1_ratio,T1_p50,P2,vix_ratio,252,0.7313,-24.74,True,pipeline
S1_ratio,T1_p75,P1,vix_ratio,252,0.6531,-33.72,True,pipeline
S1_ratio,T1_p75,P2,vix_ratio,252,0.7313,-24.74,True,pipeline
S1_ratio,T2_rp25,P2,vix_ratio,252,0.7313,-24.74,True,pipeline
S1_ratio,T2_rp50,P2,vix_ratio,252,0.7313,-24.74,True,pipeline
S1_ratio,T2_rp75,P1,vix_ratio,252,0.6714,-33.72,True,pipeline
S1_ratio,T2_rp75,P2,vix_ratio,252,0.7313,-24.74,True,pipeline
S1_ratio,T4_unity,P1,vix_ratio,252,0.7109,-33.72,True,pipeline
S1_ratio,T4_unity,P2,vix_ratio,252,0.7313,-24.74,True,pipeline
S2_z252,T1_p25,P2,vix_ratio_zscore_252d,0,0.8885,-15.9,True,pipeline
S2_z252,T1_p50,P2,vix_ratio_zscore_252d,0,0.8885,-15.9,True,pipeline
S2_z252,T1_p75,P1,vix_ratio_zscore_252d,0,1.0516,-16.73,True,pipeline
S2_z252,T1_p75,P2,vix_ratio_zscore_252d,0,0.8885,-15.9,True,pipeline
S2_z252,T2_rp25,P2,vix_ratio_zscore_252d,0,0.8885,-15.9,True,pipeline
S2_z252,T2_rp50,P2,vix_ratio_zscore_252d,0,0.8885,-15.9,True,pipeline
S2_z252,T2_rp75,P1,vix_ratio_zscore_252d,0,1.0812,-24.82,True,pipeline
S2_z252,T2_rp75,P2,vix_ratio_zscore_252d,0,0.8885,-15.9,True,pipeline
S2_z252,T1_p25,P2,vix_ratio_zscore_252d,1,0.9017,-17.75,True,pipeline
S2_z252,T1_p50,P2,vix_ratio_zscore_252d,1,0.9017,-17.75,True,pipeline
S2_z252,T1_p75,P1,vix_ratio_zscore_252d,1,1.0723,-16.52,True,pipeline
S2_z252,T1_p75,P2,vix_ratio_zscore_252d,1,0.9017,-17.75,True,pipeline
S2_z252,T2_rp25,P2,vix_ratio_zscore_252d,1,0.9017,-17.75,True,pipeline
S2_z252,T2_rp50,P2,vix_ratio_zscore_252d,1,0.9017,-17.75,True,pipeline
S2_z252,T2_rp75,P1,vix_ratio_zscore_252d,1,0.8852,-25.42,True,pipeline
S2_z252,T2_rp75,P2,vix_ratio_zscore_252d,1,0.9017,-17.75,True,pipeline
S2_z252,T1_p25,P2,vix_ratio_zscore_252d,5,0.9337,-19.19,True,pipeline
S2_z252,T1_p50,P2,vix_ratio_zscore_252d,5,0.9337,-19.19,True,pipeline
S2_z252,T1_p75,P1,vix_ratio_zscore_252d,5,0.594,-28.64,True,pipeline
S2_z252,T1_p75,P2,vix_ratio_zscore_252d,5,0.9337,-19.19,True,pipeline
S2_z252,T2_rp25,P2,vix_ratio_zscore_252d,5,0.9337,-19.19,True,pipeline
S2_z252,T2_rp50,P2,vix_ratio_zscore_252d,5,0.9337,-19.19,True,pipeline
S2_z252,T2_rp75,P1,vix_ratio_zscore_252d,5,0.4537,-31.89,True,pipeline
S2_z252,T2_rp75,P2,vix_ratio_zscore_252d,5,0.9337,-19.19,True,pipeline
S2_z252,T1_p25,P2,vix_ratio_zscore_252d,21,0.6854,-17.46,True,pipeline
S2_z252,T1_p50,P2,vix_ratio_zscore_252d,21,0.6854,-17.46,True,pipeline
S2_z252,T1_p75,P1,vix_ratio_zscore_252d,21,0.4629,-32.35,True,pipeline
S2_z252,T1_p75,P2,vix_ratio_zscore_252d,21,0.6854,-17.46,True,pipeline
S2_z252,T2_rp25,P2,vix_ratio_zscore_252d,21,0.6854,-17.46,True,pipeline
S2_z252,T2_rp50,P2,vix_ratio_zscore_252d,21,0.6854,-17.46,True,pipeline
S2_z252,T2_rp75,P1,vix_ratio_zscore_252d,21,0.8464,-24.42,True,pipeline
S2_z252,T2_rp75,P2,vix_ratio_zscore_252d,21,0.6854,-17.46,True,pipeline
S2_z252,T1_p25,P2,vix_ratio_zscore_252d,63,0.6287,-28.84,True,pipeline
S2_z252,T1_p50,P2,vix_ratio_zscore_252d,63,0.6287,-28.84,True,pipeline
S2_z252,T1_p75,P1,vix_ratio_zscore_252d,63,0.7455,-33.72,True,pipeline
S2_z252,T1_p75,P2,vix_ratio_zscore_252d,63,0.6287,-28.84,True,pipeline
S2_z252,T2_rp25,P2,vix_ratio_zscore_252d,63,0.6287,-28.84,True,pipeline
S2_z252,T2_rp50,P2,vix_ratio_zscore_252d,63,0.6287,-28.84,True,pipeline
S2_z252,T2_rp75,P1,vix_ratio_zscore_252d,63,0.6219,-33.72,True,pipeline
S2_z252,T2_rp75,P2,vix_ratio_zscore_252d,63,0.6287,-28.84,True,pipeline
S2_z252,T1_p25,P2,vix_ratio_zscore_252d,126,0.5692,-29.8,True,pipeline
S2_z252,T1_p50,P2,vix_ratio_zscore_252d,126,0.5692,-29.8,True,pipeline
S2_z252,T1_p75,P1,vix_ratio_zscore_252d,126,0.4883,-33.64,True,pipeline
S2_z252,T1_p75,P2,vix_ratio_zscore_252d,126,0.5692,-29.8,True,pipeline
S2_z252,T2_rp25,P2,vix_ratio_zscore_252d,126,0.5692,-29.8,True,pipeline
S2_z252,T2_rp50,P2,vix_ratio_zscore_252d,126,0.5692,-29.8,True,pipeline
S2_z252,T2_rp75,P1,vix_ratio_zscore_252d,126,0.6058,-33.72,True,pipeline
S2_z252,T2_rp75,P2,vix_ratio_zscore_252d,126,0.5692,-29.8,True,pipeline
S2_z252,T1_p25,P1,vix_ratio_zscore_252d,252,0.8389,-8.98,True,pipeline
S2_z252,T1_p25,P2,vix_ratio_zscore_252d,252,0.7695,-27.49,True,pipeline
S2_z252,T1_p50,P2,vix_ratio_zscore_252d,252,0.7695,-27.49,True,pipeline
S2_z252,T1_p75,P1,vix_ratio_zscore_252d,252,0.6504,-33.72,True,pipeline
S2_z252,T1_p75,P2,vix_ratio_zscore_252d,252,0.7695,-27.49,True,pipeline
S2_z252,T2_rp25,P2,vix_ratio_zscore_252d,252,0.7695,-27.49,True,pipeline
S2_z252,T2_rp50,P2,vix_ratio_zscore_252d,252,0.7695,-27.49,True,pipeline
S2_z252,T2_rp75,P1,vix_ratio_zscore_252d,252,0.6738,-33.72,True,pipeline
S2_z252,T2_rp75,P2,vix_ratio_zscore_252d,252,0.7695,-27.49,True,pipeline
S3_z126,T1_p25,P2,vix_ratio_zscore_126d,0,0.8719,-16.39,True,pipeline
S3_z126,T1_p50,P2,vix_ratio_zscore_126d,0,0.8719,-16.39,True,pipeline
S3_z126,T1_p75,P1,vix_ratio_zscore_126d,0,1.0278,-21.86,True,pipeline
S3_z126,T1_p75,P2,vix_ratio_zscore_126d,0,0.8719,-16.39,True,pipeline
S3_z126,T2_rp25,P2,vix_ratio_zscore_126d,0,0.8719,-16.39,True,pipeline
S3_z126,T2_rp50,P2,vix_ratio_zscore_126d,0,0.8719,-16.39,True,pipeline
S3_z126,T2_rp75,P1,vix_ratio_zscore_126d,0,1.1295,-21.15,True,pipeline
S3_z126,T2_rp75,P2,vix_ratio_zscore_126d,0,0.8719,-16.39,True,pipeline
S3_z126,T1_p25,P2,vix_ratio_zscore_126d,1,0.8648,-17.62,True,pipeline
S3_z126,T1_p50,P2,vix_ratio_zscore_126d,1,0.8648,-17.62,True,pipeline
S3_z126,T1_p75,P1,vix_ratio_zscore_126d,1,0.9371,-25.54,True,pipeline
S3_z126,T1_p75,P2,vix_ratio_zscore_126d,1,0.8648,-17.62,True,pipeline
S3_z126,T2_rp25,P2,vix_ratio_zscore_126d,1,0.8648,-17.62,True,pipeline
S3_z126,T2_rp50,P2,vix_ratio_zscore_126d,1,0.8648,-17.62,True,pipeline
S3_z126,T2_rp75,P1,vix_ratio_zscore_126d,1,1.0942,-20.98,True,pipeline
S3_z126,T2_rp75,P2,vix_ratio_zscore_126d,1,0.8648,-17.62,True,pipeline
S3_z126,T1_p25,P2,vix_ratio_zscore_126d,5,0.9075,-18.92,True,pipeline
S3_z126,T1_p50,P2,vix_ratio_zscore_126d,5,0.9075,-18.92,True,pipeline
S3_z126,T1_p75,P1,vix_ratio_zscore_126d,5,0.5554,-28.94,True,pipeline
S3_z126,T1_p75,P2,vix_ratio_zscore_126d,5,0.9075,-18.92,True,pipeline
S3_z126,T2_rp25,P2,vix_ratio_zscore_126d,5,0.9075,-18.92,True,pipeline
S3_z126,T2_rp50,P2,vix_ratio_zscore_126d,5,0.9075,-18.92,True,pipeline
S3_z126,T2_rp75,P1,vix_ratio_zscore_126d,5,0.7942,-25.6,True,pipeline
S3_z126,T2_rp75,P2,vix_ratio_zscore_126d,5,0.9075,-18.92,True,pipeline
S3_z126,T1_p25,P2,vix_ratio_zscore_126d,21,0.6346,-18.68,True,pipeline
S3_z126,T1_p50,P2,vix_ratio_zscore_126d,21,0.6346,-18.68,True,pipeline
S3_z126,T1_p75,P1,vix_ratio_zscore_126d,21,0.562,-33.94,True,pipeline
S3_z126,T1_p75,P2,vix_ratio_zscore_126d,21,0.6346,-18.68,True,pipeline
S3_z126,T2_rp25,P2,vix_ratio_zscore_126d,21,0.6346,-18.68,True,pipeline
S3_z126,T2_rp50,P2,vix_ratio_zscore_126d,21,0.6346,-18.68,True,pipeline
S3_z126,T2_rp75,P1,vix_ratio_zscore_126d,21,0.7649,-25.2,True,pipeline
S3_z126,T2_rp75,P2,vix_ratio_zscore_126d,21,0.6346,-18.68,True,pipeline
S3_z126,T1_p25,P2,vix_ratio_zscore_126d,63,0.6113,-27.94,True,pipeline
S3_z126,T1_p50,P2,vix_ratio_zscore_126d,63,0.6113,-27.94,True,pipeline
S3_z126,T1_p75,P1,vix_ratio_zscore_126d,63,0.5256,-33.72,True,pipeline
S3_z126,T1_p75,P2,vix_ratio_zscore_126d,63,0.6113,-27.94,True,pipeline
S3_z126,T2_rp25,P2,vix_ratio_zscore_126d,63,0.6113,-27.94,True,pipeline
S3_z126,T2_rp50,P2,vix_ratio_zscore_126d,63,0.6113,-27.94,True,pipeline
S3_z126,T2_rp75,P1,vix_ratio_zscore_126d,63,0.5349,-29.93,True,pipeline
S3_z126,T2_rp75,P2,vix_ratio_zscore_126d,63,0.6113,-27.94,True,pipeline
S3_z126,T1_p25,P2,vix_ratio_zscore_126d,126,0.6079,-28.32,True,pipeline
S3_z126,T1_p50,P2,vix_ratio_zscore_126d,126,0.6079,-28.32,True,pipeline
S3_z126,T1_p75,P1,vix_ratio_zscore_126d,126,0.5037,-31.9,True,pipeline
S3_z126,T1_p75,P2,vix_ratio_zscore_126d,126,0.6079,-28.32,True,pipeline
S3_z126,T2_rp25,P2,vix_ratio_zscore_126d,126,0.6079,-28.32,True,pipeline
S3_z126,T2_rp50,P2,vix_ratio_zscore_126d,126,0.6079,-28.32,True,pipeline
S3_z126,T2_rp75,P1,vix_ratio_zscore_126d,126,0.6103,-28.83,True,pipeline
S3_z126,T2_rp75,P2,vix_ratio_zscore_126d,126,0.6079,-28.32,True,pipeline
S3_z126,T1_p25,P2,vix_ratio_zscore_126d,252,0.7672,-27.52,True,pipeline
S3_z126,T1_p50,P2,vix_ratio_zscore_126d,252,0.7672,-27.52,True,pipeline
S3_z126,T1_p75,P1,vix_ratio_zscore_126d,252,0.7578,-33.72,True,pipeline
S3_z126,T1_p75,P2,vix_ratio_zscore_126d,252,0.7672,-27.52,True,pipeline
S3_z126,T2_rp25,P2,vix_ratio_zscore_126d,252,0.7672,-27.52,True,pipeline
S3_z126,T2_rp50,P2,vix_ratio_zscore_126d,252,0.7672,-27.52,True,pipeline
S3_z126,T2_rp75,P1,vix_ratio_zscore_126d,252,0.67,-33.72,True,pipeline
S3_z126,T2_rp75,P2,vix_ratio_zscore_126d,252,0.7672,-27.52,True,pipeline
S4_roc5,T1_p25,P2,vix_ratio_roc_5d,0,0.6894,-25.14,True,pipeline
S4_roc5,T1_p50,P2,vix_ratio_roc_5d,0,0.6894,-25.14,True,pipeline
S4_roc5,T1_p75,P2,vix_ratio_roc_5d,0,0.6894,-25.14,True,pipeline
S4_roc5,T2_rp25,P2,vix_ratio_roc_5d,0,0.6894,-25.14,True,pipeline
S4_roc5,T2_rp50,P2,vix_ratio_roc_5d,0,0.6894,-25.14,True,pipeline
S4_roc5,T2_rp75,P2,vix_ratio_roc_5d,0,0.6894,-25.14,True,pipeline
S4_roc5,T1_p25,P2,vix_ratio_roc_5d,1,0.7209,-22.56,True,pipeline
S4_roc5,T1_p50,P2,vix_ratio_roc_5d,1,0.7209,-22.56,True,pipeline
S4_roc5,T1_p75,P2,vix_ratio_roc_5d,1,0.7209,-22.56,True,pipeline
S4_roc5,T2_rp25,P2,vix_ratio_roc_5d,1,0.7209,-22.56,True,pipeline
S4_roc5,T2_rp50,P2,vix_ratio_roc_5d,1,0.7209,-22.56,True,pipeline
S4_roc5,T2_rp75,P2,vix_ratio_roc_5d,1,0.7209,-22.56,True,pipeline
S4_roc5,T1_p25,P2,vix_ratio_roc_5d,5,0.8062,-20.18,True,pipeline
S4_roc5,T1_p50,P2,vix_ratio_roc_5d,5,0.8062,-20.18,True,pipeline
S4_roc5,T1_p75,P2,vix_ratio_roc_5d,5,0.8062,-20.18,True,pipeline
S4_roc5,T2_rp25,P2,vix_ratio_roc_5d,5,0.8062,-20.18,True,pipeline
S4_roc5,T2_rp50,P2,vix_ratio_roc_5d,5,0.8062,-20.18,True,pipeline
S4_roc5,T2_rp75,P2,vix_ratio_roc_5d,5,0.8062,-20.18,True,pipeline
S4_roc5,T1_p25,P2,vix_ratio_roc_5d,21,0.6065,-21.17,True,pipeline
S4_roc5,T1_p50,P2,vix_ratio_roc_5d,21,0.6065,-21.17,True,pipeline
S4_roc5,T1_p75,P2,vix_ratio_roc_5d,21,0.6065,-21.17,True,pipeline
S4_roc5,T2_rp25,P2,vix_ratio_roc_5d,21,0.6065,-21.17,True,pipeline
S4_roc5,T2_rp50,P2,vix_ratio_roc_5d,21,0.6065,-21.17,True,pipeline
S4_roc5,T2_rp75,P2,vix_ratio_roc_5d,21,0.6065,-21.17,True,pipeline
S4_roc5,T1_p25,P2,vix_ratio_roc_5d,63,0.673,-24.8,True,pipeline
S4_roc5,T1_p50,P2,vix_ratio_roc_5d,63,0.673,-24.8,True,pipeline
S4_roc5,T1_p75,P2,vix_ratio_roc_5d,63,0.673,-24.8,True,pipeline
S4_roc5,T2_rp25,P2,vix_ratio_roc_5d,63,0.673,-24.8,True,pipeline
S4_roc5,T2_rp50,P2,vix_ratio_roc_5d,63,0.673,-24.8,True,pipeline
S4_roc5,T2_rp75,P2,vix_ratio_roc_5d,63,0.673,-24.8,True,pipeline
S4_roc5,T1_p25,P2,vix_ratio_roc_5d,126,0.6767,-26.66,True,pipeline
S4_roc5,T1_p50,P2,vix_ratio_roc_5d,126,0.6767,-26.66,True,pipeline
S4_roc5,T1_p75,P2,vix_ratio_roc_5d,126,0.6767,-26.66,True,pipeline
S4_roc5,T2_rp25,P2,vix_ratio_roc_5d,126,0.6767,-26.66,True,pipeline
S4_roc5,T2_rp50,P2,vix_ratio_roc_5d,126,0.6767,-26.66,True,pipeline
S4_roc5,T2_rp75,P2,vix_ratio_roc_5d,126,0.6767,-26.66,True,pipeline
S4_roc5,T1_p25,P2,vix_ratio_roc_5d,252,0.6933,-23.65,True,pipeline
S4_roc5,T1_p50,P2,vix_ratio_roc_5d,252,0.6933,-23.65,True,pipeline
S4_roc5,T1_p75,P2,vix_ratio_roc_5d,252,0.6933,-23.65,True,pipeline
S4_roc5,T2_rp25,P2,vix_ratio_roc_5d,252,0.6933,-23.65,True,pipeline
S4_roc5,T2_rp50,P2,vix_ratio_roc_5d,252,0.6933,-23.65,True,pipeline
S4_roc5,T2_rp75,P2,vix_ratio_roc_5d,252,0.6933,-23.65,True,pipeline
S5_roc21,T1_p25,P2,vix_ratio_roc_21d,0,1.023,-14.51,True,pipeline
S5_roc21,T1_p50,P2,vix_ratio_roc_21d,0,1.023,-14.51,True,pipeline
S5_roc21,T1_p75,P2,vix_ratio_roc_21d,0,1.023,-14.51,True,pipeline
S5_roc21,T2_rp25,P2,vix_ratio_roc_21d,0,1.023,-14.51,True,pipeline
S5_roc21,T2_rp50,P2,vix_ratio_roc_21d,0,1.023,-14.51,True,pipeline
S5_roc21,T2_rp75,P2,vix_ratio_roc_21d,0,1.023,-14.51,True,pipeline
S5_roc21,T1_p25,P2,vix_ratio_roc_21d,1,1.0342,-14.66,True,pipeline
S5_roc21,T1_p50,P2,vix_ratio_roc_21d,1,1.0342,-14.66,True,pipeline
S5_roc21,T1_p75,P2,vix_ratio_roc_21d,1,1.0342,-14.66,True,pipeline
S5_roc21,T2_rp25,P2,vix_ratio_roc_21d,1,1.0342,-14.66,True,pipeline
S5_roc21,T2_rp50,P2,vix_ratio_roc_21d,1,1.0342,-14.66,True,pipeline
S5_roc21,T2_rp75,P2,vix_ratio_roc_21d,1,1.0342,-14.66,True,pipeline
S5_roc21,T1_p25,P2,vix_ratio_roc_21d,5,0.9262,-17.79,True,pipeline
S5_roc21,T1_p50,P2,vix_ratio_roc_21d,5,0.9262,-17.79,True,pipeline
S5_roc21,T1_p75,P2,vix_ratio_roc_21d,5,0.9262,-17.79,True,pipeline
S5_roc21,T2_rp25,P2,vix_ratio_roc_21d,5,0.9262,-17.79,True,pipeline
S5_roc21,T2_rp50,P2,vix_ratio_roc_21d,5,0.9262,-17.79,True,pipeline
S5_roc21,T2_rp75,P2,vix_ratio_roc_21d,5,0.9262,-17.79,True,pipeline
S5_roc21,T1_p25,P2,vix_ratio_roc_21d,21,0.7262,-16.48,True,pipeline
S5_roc21,T1_p50,P2,vix_ratio_roc_21d,21,0.7262,-16.48,True,pipeline
S5_roc21,T1_p75,P2,vix_ratio_roc_21d,21,0.7262,-16.48,True,pipeline
S5_roc21,T2_rp25,P2,vix_ratio_roc_21d,21,0.7262,-16.48,True,pipeline
S5_roc21,T2_rp50,P2,vix_ratio_roc_21d,21,0.7262,-16.48,True,pipeline
S5_roc21,T2_rp75,P2,vix_ratio_roc_21d,21,0.7262,-16.48,True,pipeline
S5_roc21,T1_p25,P2,vix_ratio_roc_21d,63,0.842,-19.9,True,pipeline
S5_roc21,T1_p50,P2,vix_ratio_roc_21d,63,0.842,-19.9,True,pipeline
S5_roc21,T1_p75,P2,vix_ratio_roc_21d,63,0.842,-19.9,True,pipeline
S5_roc21,T2_rp25,P2,vix_ratio_roc_21d,63,0.842,-19.9,True,pipeline
S5_roc21,T2_rp50,P2,vix_ratio_roc_21d,63,0.842,-19.9,True,pipeline
S5_roc21,T2_rp75,P2,vix_ratio_roc_21d,63,0.842,-19.9,True,pipeline
S5_roc21,T1_p25,P2,vix_ratio_roc_21d,126,0.5032,-26.58,True,pipeline
S5_roc21,T1_p50,P2,vix_ratio_roc_21d,126,0.5032,-26.58,True,pipeline
S5_roc21,T1_p75,P2,vix_ratio_roc_21d,126,0.5032,-26.58,True,pipeline
S5_roc21,T2_rp25,P2,vix_ratio_roc_21d,126,0.5032,-26.58,True,pipeline
S5_roc21,T2_rp50,P2,vix_ratio_roc_21d,126,0.5032,-26.58,True,pipeline
S5_roc21,T2_rp75,P2,vix_ratio_roc_21d,126,0.5032,-26.58,True,pipeline
S5_roc21,T1_p25,P2,vix_ratio_roc_21d,252,0.7982,-20.72,True,pipeline
S5_roc21,T1_p50,P2,vix_ratio_roc_21d,252,0.7982,-20.72,True,pipeline
S5_roc21,T1_p75,P2,vix_ratio_roc_21d,252,0.7982,-20.72,True,pipeline
S5_roc21,T2_rp25,P2,vix_ratio_roc_21d,252,0.7982,-20.72,True,pipeline
S5_roc21,T2_rp50,P2,vix_ratio_roc_21d,252,0.7982,-20.72,True,pipeline
S5_roc21,T2_rp75,P2,vix_ratio_roc_21d,252,0.7982,-20.72,True,pipeline
S6_mom5,T1_p25,P2,vix_ratio_mom_5d,0,0.6392,-25.34,True,pipeline
S6_mom5,T1_p50,P2,vix_ratio_mom_5d,0,0.6392,-25.34,True,pipeline
S6_mom5,T1_p75,P2,vix_ratio_mom_5d,0,0.6392,-25.34,True,pipeline
S6_mom5,T2_rp25,P2,vix_ratio_mom_5d,0,0.6392,-25.34,True,pipeline
S6_mom5,T2_rp50,P2,vix_ratio_mom_5d,0,0.6392,-25.34,True,pipeline
S6_mom5,T2_rp75,P2,vix_ratio_mom_5d,0,0.6392,-25.34,True,pipeline
S6_mom5,T1_p25,P2,vix_ratio_mom_5d,1,0.6778,-21.93,True,pipeline
S6_mom5,T1_p50,P2,vix_ratio_mom_5d,1,0.6778,-21.93,True,pipeline
S6_mom5,T1_p75,P2,vix_ratio_mom_5d,1,0.6778,-21.93,True,pipeline
S6_mom5,T2_rp25,P2,vix_ratio_mom_5d,1,0.6778,-21.93,True,pipeline
S6_mom5,T2_rp50,P2,vix_ratio_mom_5d,1,0.6778,-21.93,True,pipeline
S6_mom5,T2_rp75,P2,vix_ratio_mom_5d,1,0.6778,-21.93,True,pipeline
S6_mom5,T1_p25,P2,vix_ratio_mom_5d,5,0.7722,-20.15,True,pipeline
S6_mom5,T1_p50,P2,vix_ratio_mom_5d,5,0.7722,-20.15,True,pipeline
S6_mom5,T1_p75,P2,vix_ratio_mom_5d,5,0.7722,-20.15,True,pipeline
S6_mom5,T2_rp25,P2,vix_ratio_mom_5d,5,0.7722,-20.15,True,pipeline
S6_mom5,T2_rp50,P2,vix_ratio_mom_5d,5,0.7722,-20.15,True,pipeline
S6_mom5,T2_rp75,P2,vix_ratio_mom_5d,5,0.7722,-20.15,True,pipeline
S6_mom5,T1_p25,P2,vix_ratio_mom_5d,21,0.5906,-20.05,True,pipeline
S6_mom5,T1_p50,P2,vix_ratio_mom_5d,21,0.5906,-20.05,True,pipeline
S6_mom5,T1_p75,P2,vix_ratio_mom_5d,21,0.5906,-20.05,True,pipeline
S6_mom5,T2_rp25,P2,vix_ratio_mom_5d,21,0.5906,-20.05,True,pipeline
S6_mom5,T2_rp50,P2,vix_ratio_mom_5d,21,0.5906,-20.05,True,pipeline
S6_mom5,T2_rp75,P2,vix_ratio_mom_5d,21,0.5906,-20.05,True,pipeline
S6_mom5,T1_p25,P2,vix_ratio_mom_5d,63,0.6674,-23.23,True,pipeline
S6_mom5,T1_p50,P2,vix_ratio_mom_5d,63,0.6674,-23.23,True,pipeline
S6_mom5,T1_p75,P2,vix_ratio_mom_5d,63,0.6674,-23.23,True,pipeline
S6_mom5,T2_rp25,P2,vix_ratio_mom_5d,63,0.6674,-23.23,True,pipeline
S6_mom5,T2_rp50,P2,vix_ratio_mom_5d,63,0.6674,-23.23,True,pipeline
S6_mom5,T2_rp75,P2,vix_ratio_mom_5d,63,0.6674,-23.23,True,pipeline
S6_mom5,T1_p25,P2,vix_ratio_mom_5d,126,0.6907,-23.57,True,pipeline
S6_mom5,T1_p50,P2,vix_ratio_mom_5d,126,0.6907,-23.57,True,pipeline
S6_mom5,T1_p75,P2,vix_ratio_mom_5d,126,0.6907,-23.57,True,pipeline
S6_mom5,T2_rp25,P2,vix_ratio_mom_5d,126,0.6907,-23.57,True,pipeline
S6_mom5,T2_rp50,P2,vix_ratio_mom_5d,126,0.6907,-23.57,True,pipeline
S6_mom5,T2_rp75,P2,vix_ratio_mom_5d,126,0.6907,-23.57,True,pipeline
S6_mom5,T1_p25,P2,vix_ratio_mom_5d,252,0.7215,-20.93,True,pipeline
S6_mom5,T1_p50,P2,vix_ratio_mom_5d,252,0.7215,-20.93,True,pipeline
S6_mom5,T1_p75,P2,vix_ratio_mom_5d,252,0.7215,-20.93,True,pipeline
S6_mom5,T2_rp25,P2,vix_ratio_mom_5d,252,0.7215,-20.93,True,pipeline
S6_mom5,T2_rp50,P2,vix_ratio_mom_5d,252,0.7215,-20.93,True,pipeline
S6_mom5,T2_rp75,P2,vix_ratio_mom_5d,252,0.7215,-20.93,True,pipeline
S7_mom21,T1_p25,P2,vix_ratio_mom_21d,0,1.0293,-13.22,True,pipeline
S7_mom21,T1_p50,P2,vix_ratio_mom_21d,0,1.0293,-13.22,True,pipeline
S7_mom21,T1_p75,P2,vix_ratio_mom_21d,0,1.0293,-13.22,True,pipeline
S7_mom21,T2_rp25,P2,vix_ratio_mom_21d,0,1.0293,-13.22,True,pipeline
S7_mom21,T2_rp50,P2,vix_ratio_mom_21d,0,1.0293,-13.22,True,pipeline
S7_mom21,T2_rp75,P2,vix_ratio_mom_21d,0,1.0293,-13.22,True,pipeline
S7_mom21,T1_p25,P2,vix_ratio_mom_21d,1,1.0201,-13.51,True,pipeline
S7_mom21,T1_p50,P2,vix_ratio_mom_21d,1,1.0201,-13.51,True,pipeline
S7_mom21,T1_p75,P2,vix_ratio_mom_21d,1,1.0201,-13.51,True,pipeline
S7_mom21,T2_rp25,P2,vix_ratio_mom_21d,1,1.0201,-13.51,True,pipeline
S7_mom21,T2_rp50,P2,vix_ratio_mom_21d,1,1.0201,-13.51,True,pipeline
S7_mom21,T2_rp75,P2,vix_ratio_mom_21d,1,1.0201,-13.51,True,pipeline
S7_mom21,T1_p25,P2,vix_ratio_mom_21d,5,0.921,-16.51,True,pipeline
S7_mom21,T1_p50,P2,vix_ratio_mom_21d,5,0.921,-16.51,True,pipeline
S7_mom21,T1_p75,P2,vix_ratio_mom_21d,5,0.921,-16.51,True,pipeline
S7_mom21,T2_rp25,P2,vix_ratio_mom_21d,5,0.921,-16.51,True,pipeline
S7_mom21,T2_rp50,P2,vix_ratio_mom_21d,5,0.921,-16.51,True,pipeline
S7_mom21,T2_rp75,P2,vix_ratio_mom_21d,5,0.921,-16.51,True,pipeline
S7_mom21,T1_p25,P2,vix_ratio_mom_21d,21,0.6904,-15.54,True,pipeline
S7_mom21,T1_p50,P2,vix_ratio_mom_21d,21,0.6904,-15.54,True,pipeline
S7_mom21,T1_p75,P2,vix_ratio_mom_21d,21,0.6904,-15.54,True,pipeline
S7_mom21,T2_rp25,P2,vix_ratio_mom_21d,21,0.6904,-15.54,True,pipeline
S7_mom21,T2_rp50,P2,vix_ratio_mom_21d,21,0.6904,-15.54,True,pipeline
S7_mom21,T2_rp75,P2,vix_ratio_mom_21d,21,0.6904,-15.54,True,pipeline
S7_mom21,T1_p25,P2,vix_ratio_mom_21d,63,0.8444,-17.31,True,pipeline
S7_mom21,T1_p50,P2,vix_ratio_mom_21d,63,0.8444,-17.31,True,pipeline
S7_mom21,T1_p75,P2,vix_ratio_mom_21d,63,0.8444,-17.31,True,pipeline
S7_mom21,T2_rp25,P2,vix_ratio_mom_21d,63,0.8444,-17.31,True,pipeline
S7_mom21,T2_rp50,P2,vix_ratio_mom_21d,63,0.8444,-17.31,True,pipeline
S7_mom21,T2_rp75,P2,vix_ratio_mom_21d,63,0.8444,-17.31,True,pipeline
S7_mom21,T1_p25,P2,vix_ratio_mom_21d,126,0.508,-23.79,True,pipeline
S7_mom21,T1_p50,P2,vix_ratio_mom_21d,126,0.508,-23.79,True,pipeline
S7_mom21,T1_p75,P2,vix_ratio_mom_21d,126,0.508,-23.79,True,pipeline
S7_mom21,T2_rp25,P2,vix_ratio_mom_21d,126,0.508,-23.79,True,pipeline
S7_mom21,T2_rp50,P2,vix_ratio_mom_21d,126,0.508,-23.79,True,pipeline
S7_mom21,T2_rp75,P2,vix_ratio_mom_21d,126,0.508,-23.79,True,pipeline
S7_mom21,T1_p25,P2,vix_ratio_mom_21d,252,0.8258,-18.03,True,pipeline
S7_mom21,T1_p50,P2,vix_ratio_mom_21d,252,0.8258,-18.03,True,pipeline
S7_mom21,T1_p75,P2,vix_ratio_mom_21d,252,0.8258,-18.03,True,pipeline
S7_mom21,T2_rp25,P2,vix_ratio_mom_21d,252,0.8258,-18.03,True,pipeline
S7_mom21,T2_rp50,P2,vix_ratio_mom_21d,252,0.8258,-18.03,True,pipeline
S7_mom21,T2_rp75,P2,vix_ratio_mom_21d,252,0.8258,-18.03,True,pipeline
S8_pctrank,T1_p75,P1,vix_ratio_pctrank_252d,0,1.067,-14.43,True,pipeline
S8_pctrank,T2_rp75,P1,vix_ratio_pctrank_252d,0,1.1113,-21.86,True,pipeline
S8_pctrank,T1_p75,P1,vix_ratio_pctrank_252d,1,0.9333,-23.02,True,pipeline
S8_pctrank,T2_rp75,P1,vix_ratio_pctrank_252d,1,1.103,-19.77,True,pipeline
S8_pctrank,T1_p75,P1,vix_ratio_pctrank_252d,5,0.5597,-31.36,True,pipeline
S8_pctrank,T2_rp75,P1,vix_ratio_pctrank_252d,5,0.506,-27.91,True,pipeline
S8_pctrank,T1_p75,P1,vix_ratio_pctrank_252d,21,0.5375,-29.98,True,pipeline
S8_pctrank,T2_rp75,P1,vix_ratio_pctrank_252d,21,0.7509,-22.62,True,pipeline
S8_pctrank,T1_p75,P1,vix_ratio_pctrank_252d,63,0.6381,-33.72,True,pipeline
S8_pctrank,T2_rp75,P1,vix_ratio_pctrank_252d,63,0.5188,-33.72,True,pipeline
S8_pctrank,T1_p75,P1,vix_ratio_pctrank_252d,126,0.599,-33.44,True,pipeline
S8_pctrank,T2_rp75,P1,vix_ratio_pctrank_252d,126,0.6593,-33.72,True,pipeline
S8_pctrank,T1_p25,P1,vix_ratio_pctrank_252d,252,0.5816,-12.33,True,pipeline
S8_pctrank,T1_p75,P1,vix_ratio_pctrank_252d,252,0.6679,-33.72,True,pipeline
S8_pctrank,T2_rp75,P1,vix_ratio_pctrank_252d,252,0.7206,-33.72,True,pipeline
S9_backwd,T1_p25,P2,vix_backwardation,0,0.7456,-29.03,True,pipeline
S9_backwd,T1_p50,P2,vix_backwardation,0,0.7456,-29.03,True,pipeline
S9_backwd,T1_p75,P2,vix_backwardation,0,0.7456,-29.03,True,pipeline
S9_backwd,T2_rp25,P2,vix_backwardation,0,0.7456,-29.03,True,pipeline
S9_backwd,T2_rp50,P2,vix_backwardation,0,0.7456,-29.03,True,pipeline
S9_backwd,T2_rp75,P2,vix_backwardation,0,0.7456,-29.03,True,pipeline
S9_backwd,T1_p25,P2,vix_backwardation,1,0.5355,-34.15,True,pipeline
S9_backwd,T1_p50,P2,vix_backwardation,1,0.5355,-34.15,True,pipeline
S9_backwd,T1_p75,P2,vix_backwardation,1,0.5355,-34.15,True,pipeline
S9_backwd,T2_rp25,P2,vix_backwardation,1,0.5355,-34.15,True,pipeline
S9_backwd,T2_rp50,P2,vix_backwardation,1,0.5355,-34.15,True,pipeline
S9_backwd,T2_rp75,P2,vix_backwardation,1,0.5355,-34.15,True,pipeline
S9_backwd,T1_p25,P2,vix_backwardation,5,0.5988,-26.21,True,pipeline
S9_backwd,T1_p50,P2,vix_backwardation,5,0.5988,-26.21,True,pipeline
S9_backwd,T1_p75,P2,vix_backwardation,5,0.5988,-26.21,True,pipeline
S9_backwd,T2_rp25,P2,vix_backwardation,5,0.5988,-26.21,True,pipeline
S9_backwd,T2_rp50,P2,vix_backwardation,5,0.5988,-26.21,True,pipeline
S9_backwd,T2_rp75,P2,vix_backwardation,5,0.5988,-26.21,True,pipeline
S9_backwd,T1_p25,P2,vix_backwardation,21,0.3862,-31.51,True,pipeline
S9_backwd,T1_p50,P2,vix_backwardation,21,0.3862,-31.51,True,pipeline
S9_backwd,T1_p75,P2,vix_backwardation,21,0.3862,-31.51,True,pipeline
S9_backwd,T2_rp25,P2,vix_backwardation,21,0.3862,-31.51,True,pipeline
S9_backwd,T2_rp50,P2,vix_backwardation,21,0.3862,-31.51,True,pipeline
S9_backwd,T2_rp75,P2,vix_backwardation,21,0.3862,-31.51,True,pipeline
S9_backwd,T1_p25,P2,vix_backwardation,63,0.5206,-33.72,True,pipeline
S9_backwd,T1_p50,P2,vix_backwardation,63,0.5206,-33.72,True,pipeline
S9_backwd,T1_p75,P2,vix_backwardation,63,0.5206,-33.72,True,pipeline
S9_backwd,T2_rp25,P2,vix_backwardation,63,0.5206,-33.72,True,pipeline
S9_backwd,T2_rp50,P2,vix_backwardation,63,0.5206,-33.72,True,pipeline
S9_backwd,T2_rp75,P2,vix_backwardation,63,0.5206,-33.72,True,pipeline
S9_backwd,T1_p25,P2,vix_backwardation,126,0.6078,-33.72,True,pipeline
S9_backwd,T1_p50,P2,vix_backwardation,126,0.6078,-33.72,True,pipeline
S9_backwd,T1_p75,P2,vix_backwardation,126,0.6078,-33.72,True,pipeline
S9_backwd,T2_rp25,P2,vix_backwardation,126,0.6078,-33.72,True,pipeline
S9_backwd,T2_rp50,P2,vix_backwardation,126,0.6078,-33.72,True,pipeline
S9_backwd,T2_rp75,P2,vix_backwardation,126,0.6078,-33.72,True,pipeline
S9_backwd,T1_p25,P2,vix_backwardation,252,0.6439,-33.72,True,pipeline
S9_backwd,T1_p50,P2,vix_backwardation,252,0.6439,-33.72,True,pipeline
S9_backwd,T1_p75,P2,vix_backwardation,252,0.6439,-33.72,True,pipeline
S9_backwd,T2_rp25,P2,vix_backwardation,252,0.6439,-33.72,True,pipeline
S9_backwd,T2_rp50,P2,vix_backwardation,252,0.6439,-33.72,True,pipeline
S9_backwd,T2_rp75,P2,vix_backwardation,252,0.6439,-33.72,True,pipeline
S10_spread,T1_p25,P1,vix_term_spread,0,0.2009,-32.75,True,pipeline
S10_spread,T1_p25,P2,vix_term_spread,0,0.4053,-19.48,True,pipeline
S10_spread,T1_p50,P2,vix_term_spread,0,0.4053,-19.48,True,pipeline
S10_spread,T1_p75,P2,vix_term_spread,0,0.4053,-19.48,True,pipeline
S10_spread,T2_rp25,P1,vix_term_spread,0,0.2075,-33.44,True,pipeline
S10_spread,T2_rp25,P2,vix_term_spread,0,0.4053,-19.48,True,pipeline
S10_spread,T2_rp50,P2,vix_term_spread,0,0.4053,-19.48,True,pipeline
S10_spread,T2_rp75,P2,vix_term_spread,0,0.4053,-19.48,True,pipeline
S10_spread,T1_p25,P1,vix_term_spread,1,0.1236,-30.44,True,pipeline
S10_spread,T1_p25,P2,vix_term_spread,1,0.2718,-26.35,True,pipeline
S10_spread,T1_p50,P2,vix_term_spread,1,0.2718,-26.35,True,pipeline
S10_spread,T1_p75,P2,vix_term_spread,1,0.2718,-26.35,True,pipeline
S10_spread,T2_rp25,P1,vix_term_spread,1,0.2435,-32.82,True,pipeline
S10_spread,T2_rp25,P2,vix_term_spread,1,0.2718,-26.35,True,pipeline
S10_spread,T2_rp50,P2,vix_term_spread,1,0.2718,-26.35,True,pipeline
S10_spread,T2_rp75,P2,vix_term_spread,1,0.2718,-26.35,True,pipeline
S10_spread,T1_p25,P1,vix_term_spread,5,0.4477,-28.32,True,pipeline
S10_spread,T1_p25,P2,vix_term_spread,5,0.3732,-22.97,True,pipeline
S10_spread,T1_p50,P2,vix_term_spread,5,0.3732,-22.97,True,pipeline
S10_spread,T1_p75,P2,vix_term_spread,5,0.3732,-22.97,True,pipeline
S10_spread,T2_rp25,P1,vix_term_spread,5,0.5012,-28.32,True,pipeline
S10_spread,T2_rp25,P2,vix_term_spread,5,0.3732,-22.97,True,pipeline
S10_spread,T2_rp50,P2,vix_term_spread,5,0.3732,-22.97,True,pipeline
S10_spread,T2_rp75,P2,vix_term_spread,5,0.3732,-22.97,True,pipeline
S10_spread,T1_p25,P1,vix_term_spread,21,0.7642,-12.68,True,pipeline
S10_spread,T1_p25,P2,vix_term_spread,21,0.7755,-13.64,True,pipeline
S10_spread,T1_p50,P2,vix_term_spread,21,0.7755,-13.64,True,pipeline
S10_spread,T1_p75,P2,vix_term_spread,21,0.7755,-13.64,True,pipeline
S10_spread,T2_rp25,P1,vix_term_spread,21,0.7654,-18.76,True,pipeline
S10_spread,T2_rp25,P2,vix_term_spread,21,0.7755,-13.64,True,pipeline
S10_spread,T2_rp50,P2,vix_term_spread,21,0.7755,-13.64,True,pipeline
S10_spread,T2_rp75,P2,vix_term_spread,21,0.7755,-13.64,True,pipeline
S10_spread,T1_p25,P1,vix_term_spread,63,0.7878,-6.99,True,pipeline
S10_spread,T1_p25,P2,vix_term_spread,63,0.7622,-12.88,True,pipeline
S10_spread,T1_p50,P2,vix_term_spread,63,0.7622,-12.88,True,pipeline
S10_spread,T1_p75,P1,vix_term_spread,63,0.9701,-17.98,True,pipeline
S10_spread,T1_p75,P2,vix_term_spread,63,0.7622,-12.88,True,pipeline
S10_spread,T2_rp25,P1,vix_term_spread,63,0.526,-17.6,True,pipeline
S10_spread,T2_rp25,P2,vix_term_spread,63,0.7622,-12.88,True,pipeline
S10_spread,T2_rp50,P2,vix_term_spread,63,0.7622,-12.88,True,pipeline
S10_spread,T2_rp75,P2,vix_term_spread,63,0.7622,-12.88,True,pipeline
S10_spread,T1_p25,P1,vix_term_spread,126,0.1601,-16.86,True,pipeline
S10_spread,T1_p25,P2,vix_term_spread,126,0.7649,-9.31,True,pipeline
S10_spread,T1_p50,P2,vix_term_spread,126,0.7649,-9.31,True,pipeline
S10_spread,T1_p75,P1,vix_term_spread,126,0.9817,-20.54,True,pipeline
S10_spread,T1_p75,P2,vix_term_spread,126,0.7649,-9.31,True,pipeline
S10_spread,T2_rp25,P1,vix_term_spread,126,0.6342,-14.34,True,pipeline
S10_spread,T2_rp25,P2,vix_term_spread,126,0.7649,-9.31,True,pipeline
S10_spread,T2_rp50,P2,vix_term_spread,126,0.7649,-9.31,True,pipeline
S10_spread,T2_rp75,P2,vix_term_spread,126,0.7649,-9.31,True,pipeline
S10_spread,T1_p25,P1,vix_term_spread,252,0.3253,-13.66,True,pipeline
S10_spread,T1_p25,P2,vix_term_spread,252,0.5481,-16.2,True,pipeline
S10_spread,T1_p50,P2,vix_term_spread,252,0.5481,-16.2,True,pipeline
S10_spread,T1_p75,P1,vix_term_spread,252,0.7891,-33.72,True,pipeline
S10_spread,T1_p75,P2,vix_term_spread,252,0.5481,-16.2,True,pipeline
S10_spread,T2_rp25,P1,vix_term_spread,252,0.3302,-16.94,True,pipeline
S10_spread,T2_rp25,P2,vix_term_spread,252,0.5481,-16.2,True,pipeline
S10_spread,T2_rp50,P2,vix_term_spread,252,0.5481,-16.2,True,pipeline
S10_spread,T2_rp75,P2,vix_term_spread,252,0.5481,-16.2,True,pipeline
