signal,threshold,threshold_value,strategy,lead_days,oos_sharpe,oos_ann_return,oos_max_drawdown,annual_turnover,oos_n,valid
gold_copper_zscore_126d,T2_p50,-0.0334,P1_long_cash,0,1.273,13.45,-8.25,16.41,1566,True
gold_copper_roc_63d,T2_p50,0.2018,P1_long_cash,0,1.2546,14.73,-9.48,21.89,1566,True
gold_copper_zscore_126d,T3_p75,1.18,P1_long_cash,0,1.1305,17.17,-20.97,16.74,1566,True
gold_copper_roc_63d,T3_p75,7.5433,P1_long_cash,0,0.9249,13.29,-24.67,9.01,1566,True
gold_copper_zscore_252d,T3_p75,1.0726,P1_long_cash,0,0.9196,11.79,-17.89,16.09,1566,True
gold_copper_roc_63d,T1_p25,-6.739,P1_long_cash,1,0.8951,6.5,-8.38,8.85,1566,True
gold_copper_zscore_126d,T3_p75,1.18,P2_long_short,0,0.8799,18.54,-28.88,33.47,1566,True
gold_copper_pctrank_504d,T1_p25,0.1605,P1_long_cash,0,0.8682,4.63,-5.91,8.37,1566,True
gold_copper_roc_126d,T1_p25,-9.8165,P1_long_cash,0,0.8363,5.9,-8.25,3.54,1566,True
gold_copper_roc_63d,T1_p25,-6.739,P1_long_cash,0,0.8143,5.94,-7.76,8.85,1566,True
gold_copper_zscore_126d,T1_p25,-1.0407,P1_long_cash,0,0.8142,5.94,-8.25,9.66,1566,True
gold_copper_roc_126d,T2_p50,0.8514,P1_long_cash,0,0.8007,7.58,-8.5,10.3,1566,True
gold_copper_roc_63d,T1_p25,-6.739,P1_long_cash,5,0.7896,6.3,-14.23,8.85,1566,True
gold_copper_roc_126d,T1_p25,-9.8165,P1_long_cash,1,0.7042,4.84,-8.25,3.54,1566,True
gold_copper_pctrank_504d,T3_p75,0.841,P1_long_cash,0,0.6888,8.51,-21.64,9.66,1566,True
gold_copper_roc_63d,T2_p50,0.2018,P1_long_cash,5,0.6573,7.8,-19.53,21.72,1566,True
gold_copper_roc_63d,T2_p50,0.2018,P2_long_short,0,0.6466,12.59,-35.99,43.77,1566,True
gold_copper_zscore_126d,T3_p75,1.18,P1_long_cash,1,0.6181,8.74,-29.44,16.74,1566,True
gold_copper_zscore_252d,T1_p25,-0.9767,P1_long_cash,0,0.617,3.36,-6.3,4.51,1566,True
gold_copper_zscore_252d,T3_p75,1.0726,P1_long_cash,1,0.6101,7.45,-19.8,16.09,1566,True
gold_copper_roc_126d,T1_p25,-9.8165,P1_long_cash,5,0.6098,4.11,-8.45,3.54,1566,True
gold_copper_roc_63d,T3_p75,7.5433,P1_long_cash,1,0.6024,8.26,-25.93,9.01,1566,True
gold_copper_zscore_252d,T2_p50,0.0526,P1_long_cash,0,0.5816,4.97,-10.67,7.08,1566,True
gold_copper_zscore_126d,T2_p50,-0.0334,P1_long_cash,5,0.5768,6.23,-17.57,16.25,1566,True
gold_copper_roc_63d,T3_p75,7.5433,P2_long_short,0,0.5693,10.68,-32.7,18.02,1566,True
gold_copper_zscore_252d,T3_p75,1.0726,P1_long_cash,5,0.5624,6.97,-27.19,15.93,1566,True
gold_copper_roc_63d,T3_p75,7.5433,P1_long_cash,5,0.562,7.69,-21.29,9.01,1566,True
gold_copper_pctrank_504d,T3_p75,0.841,P1_long_cash,1,0.5591,6.77,-21.64,9.66,1566,True
gold_copper_roc_63d,T2_p50,0.2018,P1_long_cash,1,0.5579,6.09,-25.42,21.89,1566,True
gold_copper_roc_126d,T2_p50,0.8514,P1_long_cash,5,0.5481,5.13,-19.91,10.62,1566,True
gold_copper_zscore_126d,T2_p50,-0.0334,P2_long_short,0,0.5338,9.81,-39.58,32.83,1566,True
gold_copper_roc_126d,T3_p75,11.28,P1_long_cash,0,0.516,7.11,-23.37,9.49,1566,True
gold_copper_roc_126d,T2_p50,0.8514,P1_long_cash,1,0.5072,4.55,-12.67,10.3,1566,True
gold_copper_zscore_252d,T1_p25,-0.9767,P1_long_cash,1,0.4802,2.58,-7.58,4.51,1566,True
gold_copper_zscore_126d,T3_p75,1.18,P1_long_cash,5,0.4716,6.4,-35.57,16.74,1566,True
gold_copper_pctrank_504d,T3_p75,0.841,P1_long_cash,5,0.458,5.6,-21.64,9.49,1566,True
gold_copper_zscore_126d,T2_p50,-0.0334,P1_long_cash,1,0.4298,4.17,-19.09,16.41,1566,True
gold_copper_zscore_252d,T3_p75,1.0726,P2_long_short,0,0.429,7.29,-36.36,32.18,1566,True
gold_copper_zscore_126d,T1_p25,-1.0407,P1_long_cash,1,0.4259,3.09,-15.16,9.66,1566,True
gold_copper_zscore_252d,T2_p50,0.0526,P1_long_cash,5,0.3885,3.22,-22.64,7.08,1566,True
gold_copper_roc_126d,T3_p75,11.28,P1_long_cash,1,0.3527,4.37,-20.43,9.49,1566,True
gold_copper_zscore_126d,T1_p25,-1.0407,P1_long_cash,5,0.3485,2.62,-18.18,9.82,1566,True
gold_copper_zscore_252d,T2_p50,0.0526,P1_long_cash,1,0.3466,2.78,-18.87,7.08,1566,True
gold_copper_pctrank_504d,T2_p50,0.5268,P1_long_cash,0,0.3112,2.18,-10.7,4.18,1566,True
gold_copper_pctrank_504d,T1_p25,0.1605,P1_long_cash,5,0.2631,1.37,-10.96,8.37,1566,True
gold_copper_roc_126d,T3_p75,11.28,P1_long_cash,5,0.2175,2.22,-31.51,9.49,1566,True
gold_copper_zscore_252d,T1_p25,-0.9767,P1_long_cash,5,0.2151,1.04,-11.45,4.51,1566,True
gold_copper_zscore_126d,T3_p75,1.18,P2_long_short,1,0.2112,2.23,-38.88,33.47,1566,True
gold_copper_roc_63d,T3_p75,7.5433,P2_long_short,1,0.1643,1.19,-37.38,18.02,1566,True
gold_copper_pctrank_504d,T3_p75,0.841,P2_long_short,0,0.1603,1.1,-39.58,19.31,1566,True
gold_copper_roc_63d,T3_p75,7.5433,P2_long_short,5,0.1188,0.18,-47.0,18.02,1566,True
gold_copper_pctrank_504d,T1_p25,0.1605,P1_long_cash,1,0.1011,0.41,-14.56,8.37,1566,True
gold_copper_pctrank_504d,T2_p50,0.5268,P1_long_cash,1,0.0965,0.45,-17.44,4.18,1566,True
gold_copper_roc_63d,T2_p50,0.2018,P2_long_short,5,0.0954,-0.33,-46.25,43.45,1566,True
gold_copper_roc_126d,T3_p75,11.28,P2_long_short,0,0.078,-0.75,-44.95,18.99,1566,True
gold_copper_zscore_252d,T3_p75,1.0726,P2_long_short,1,0.073,-0.84,-44.06,32.18,1566,True
gold_copper_roc_126d,T2_p50,0.8514,P2_long_short,0,0.0478,-1.38,-43.46,20.6,1566,True
gold_copper_zscore_252d,T3_p75,1.0726,P2_long_short,5,0.0374,-1.61,-47.62,31.86,1566,True
gold_copper_zscore_126d,T3_p75,1.18,P2_long_short,5,0.0176,-2.04,-58.05,33.47,1566,True
gold_copper_pctrank_504d,T3_p75,0.841,P2_long_short,1,0.0167,-2.06,-46.15,19.31,1566,True
gold_copper_pctrank_504d,T2_p50,0.5268,P1_long_cash,5,-0.0373,-0.64,-22.16,4.18,1566,False
gold_copper_zscore_126d,T2_p50,-0.0334,P2_long_short,5,-0.0482,-3.45,-52.34,32.51,1566,False
gold_copper_roc_63d,T2_p50,0.2018,P2_long_short,1,-0.0575,-3.66,-52.81,43.77,1566,False
gold_copper_roc_63d,T1_p25,-6.739,P2_long_short,1,-0.0617,-3.75,-51.18,17.7,1566,False
gold_copper_roc_63d,T1_p25,-6.739,P2_long_short,5,-0.0727,-3.98,-57.16,17.7,1566,False
gold_copper_pctrank_504d,T3_p75,0.841,P2_long_short,5,-0.0734,-3.99,-49.97,18.99,1566,False
gold_copper_zscore_126d,T1_p25,-1.0407,P2_long_short,0,-0.1093,-4.75,-53.52,19.31,1566,False
gold_copper_roc_63d,T1_p25,-6.739,P2_long_short,0,-0.1094,-4.76,-54.51,17.7,1566,False
gold_copper_roc_126d,T1_p25,-9.8165,P2_long_short,0,-0.1146,-4.86,-52.89,7.08,1566,False
gold_copper_roc_126d,T2_p50,0.8514,P2_long_short,5,-0.1574,-5.76,-54.72,21.24,1566,False
gold_copper_roc_126d,T3_p75,11.28,P2_long_short,1,-0.1577,-5.79,-46.73,18.99,1566,False
gold_copper_zscore_252d,T2_p50,0.0526,P2_long_short,0,-0.1805,-6.24,-56.97,14.16,1566,False
gold_copper_roc_126d,T1_p25,-9.8165,P2_long_short,1,-0.206,-6.77,-58.45,7.08,1566,False
gold_copper_roc_126d,T2_p50,0.8514,P2_long_short,1,-0.2112,-6.88,-58.28,20.6,1566,False
gold_copper_zscore_126d,T2_p50,-0.0334,P2_long_short,1,-0.2321,-7.31,-62.14,32.83,1566,False
gold_copper_pctrank_504d,T1_p25,0.1605,P2_long_short,0,-0.2329,-7.33,-59.96,16.74,1566,False
gold_copper_roc_126d,T1_p25,-9.8165,P2_long_short,5,-0.2696,-8.07,-61.93,7.08,1566,False
gold_copper_zscore_252d,T2_p50,0.0526,P2_long_short,5,-0.3299,-9.29,-64.97,14.16,1566,False
gold_copper_roc_126d,T3_p75,11.28,P2_long_short,5,-0.3396,-9.5,-51.32,18.99,1566,False
gold_copper_zscore_252d,T1_p25,-0.9767,P2_long_short,0,-0.3424,-9.54,-65.56,9.01,1566,False
gold_copper_zscore_126d,T1_p25,-1.0407,P2_long_short,1,-0.3526,-9.75,-66.15,19.31,1566,False
gold_copper_zscore_252d,T2_p50,0.0526,P2_long_short,1,-0.37,-10.09,-66.84,14.16,1566,False
gold_copper_zscore_126d,T1_p25,-1.0407,P2_long_short,5,-0.3898,-10.49,-68.25,19.63,1566,False
gold_copper_zscore_252d,T1_p25,-0.9767,P2_long_short,1,-0.411,-10.91,-68.66,9.01,1566,False
gold_copper_pctrank_504d,T2_p50,0.5268,P2_long_short,0,-0.4318,-11.32,-69.54,8.37,1566,False
gold_copper_pctrank_504d,T1_p25,0.1605,P2_long_short,5,-0.517,-12.97,-72.91,16.74,1566,False
gold_copper_zscore_252d,T1_p25,-0.9767,P2_long_short,5,-0.5486,-13.58,-74.06,9.01,1566,False
gold_copper_pctrank_504d,T2_p50,0.5268,P2_long_short,1,-0.5865,-14.3,-75.38,8.37,1566,False
gold_copper_pctrank_504d,T1_p25,0.1605,P2_long_short,1,-0.6046,-14.64,-75.98,16.74,1566,False
gold_copper_pctrank_504d,T2_p50,0.5268,P2_long_short,5,-0.6836,-16.12,-78.45,8.37,1566,False
BENCHMARK,,,,,0.6558,12.81,-42.33,0.0,1566,False
