date,rolling_corr
1996-01-31,-0.46266723333196197
1996-02-29,-0.44601495321151896
1996-03-31,-0.44603350330081376
1996-04-30,-0.4436950625681297
1996-05-31,-0.44560558541313716
1996-06-30,-0.4424591737643839
1996-07-31,-0.3824983915806845
1996-08-31,-0.3839270279431157
1996-09-30,-0.3854325668638013
1996-10-31,-0.3942143284263181
1996-11-30,-0.4202971417679599
1996-12-31,-0.3856094179936545
1997-01-31,-0.39222507568569054
1997-02-28,-0.3884324499118563
1997-03-31,-0.3564867754863674
1997-04-30,-0.3611894399913275
1997-05-31,-0.3562424279692632
1997-06-30,-0.3634740192260994
1997-07-31,-0.3912373685992631
1997-08-31,-0.33797305078584927
1997-09-30,-0.3484932287042461
1997-10-31,-0.3076055031513548
1997-11-30,-0.3183274452260866
1997-12-31,-0.3146616762644525
1998-01-31,-0.30582295453150193
1998-02-28,-0.33748628283698456
1998-03-31,-0.3637072879221498
1998-04-30,-0.33266525359438925
1998-05-31,-0.31720007495276514
1998-06-30,-0.3242623126022041
1998-07-31,-0.2863511461502424
1998-08-31,-0.14023992927702056
1998-09-30,-0.1585949615821871
1998-10-31,-0.18979507779739732
1998-11-30,-0.19374067661098848
1998-12-31,-0.21481955627055094
1999-01-31,-0.23679838358837232
1999-02-28,-0.19098495196064452
1999-03-31,-0.14136957784407017
1999-04-30,-0.1416729035438297
1999-05-31,-0.1396902985761126
1999-06-30,-0.09506551066913138
1999-07-31,-0.11712317888261832
1999-08-31,-0.1419757745847867
1999-09-30,-0.09339740748993348
1999-10-31,-0.11361470678814095
1999-11-30,-0.05497161428340844
1999-12-31,-0.03427017240295157
2000-01-31,-0.04428639200581661
2000-02-29,-0.044315501768188346
2000-03-31,-0.09383846470133657
2000-04-30,-0.07432194791093592
2000-05-31,-0.06262710351537108
2000-06-30,-0.06186436421408622
2000-07-31,-0.030159123896877454
2000-08-31,-0.07685938045470844
2000-09-30,-0.009144286185651771
2000-10-31,0.008682134256354447
2000-11-30,0.09941167041938585
2000-12-31,0.11250628589850867
2001-01-31,0.10484651092519888
2001-02-28,0.14073583766839476
2001-03-31,0.1400755435986607
2001-04-30,0.16726984038452378
2001-05-31,0.14974592979227813
2001-06-30,0.12843426346401113
2001-07-31,0.14359965398578323
2001-08-31,0.10833348933899228
2001-09-30,0.01237490750653204
2001-10-31,0.009174058423573201
2001-11-30,0.07210522625007203
2001-12-31,0.06836474697036343
2002-01-31,0.034322042807099294
2002-02-28,0.01085300172950418
2002-03-31,0.04622596324840703
2002-04-30,-0.018322745728695546
2002-05-31,-0.04132657202553992
2002-06-30,-0.09463681999586582
2002-07-31,-0.13073771089805272
2002-08-31,-0.12688087956528424
2002-09-30,-0.15331514065380553
2002-10-31,-0.1200624411021867
2002-11-30,-0.08232442855954719
2002-12-31,-0.09975350910944093
2003-01-31,-0.10649451229830889
2003-02-28,-0.09547724820546821
2003-03-31,-0.08448741603793598
2003-04-30,-0.04800673383595798
2003-05-31,-0.03870413759152278
2003-06-30,-0.02488857124291127
2003-07-31,-0.018528842650442606
2003-08-31,-0.05939716183019893
2003-09-30,-0.04280956807295832
2003-10-31,0.0069305414139597425
2003-11-30,0.031812531500990573
2003-12-31,0.07856593862023521
2004-01-31,0.10043658941051568
2004-02-29,0.09525978164907455
2004-03-31,0.10263781779651114
2004-04-30,0.1039385685183685
2004-05-31,0.10556049899844604
2004-06-30,0.12574114325905525
2004-07-31,0.11021021330388507
2004-08-31,0.10985027738319351
2004-09-30,0.10590633045343988
2004-10-31,0.12797997515915938
2004-11-30,0.13438999233479262
2004-12-31,0.15061064555865494
2005-01-31,0.13964705288005433
2005-02-28,0.1318974097451876
2005-03-31,0.19765107579471528
2005-04-30,0.18774599307080644
2005-05-31,0.1702633170277356
2005-06-30,0.18403035311980728
2005-07-31,0.1605127234962495
2005-08-31,0.23146649201231762
2005-09-30,0.1896935766589399
2005-10-31,0.2050785576606961
2005-11-30,0.10816754011182263
2005-12-31,0.10758951333481856
2006-01-31,0.12277464223650636
2006-02-28,0.038681776941361656
2006-03-31,-0.010902736902466726
2006-04-30,0.010052581604251506
2006-05-31,0.03373043293917254
2006-06-30,0.028494360686337705
2006-07-31,0.023143416056563004
2006-08-31,-0.009094231315498675
2006-09-30,-0.025476506233305163
2006-10-31,-0.04794004597584546
2006-11-30,-0.0866303933329847
2006-12-31,-0.09154953546750758
2007-01-31,-0.08974225242034996
2007-02-28,-0.05609262797432406
2007-03-31,-0.07784814746970424
2007-04-30,-0.0682421353212931
2007-05-31,-0.0736725979790495
2007-06-30,-0.018562633761524526
2007-07-31,0.049613759641983876
2007-08-31,0.0496008943111329
2007-09-30,0.07631169672133778
2007-10-31,0.04682803939088143
2007-11-30,0.02359906150099511
2007-12-31,0.07185368453404106
2008-01-31,0.08119924970584946
2008-02-29,0.08794668477700157
2008-03-31,0.08644313075392844
2008-04-30,0.05719958187438095
2008-05-31,0.03952371807200426
2008-06-30,0.0010978758741334563
2008-07-31,-0.018554079809540165
2008-08-31,-0.03067254644903565
2008-09-30,-0.08778927987135773
2008-10-31,-0.2472920408560146
2008-11-30,-0.29108007325437957
2008-12-31,-0.33596584077900904
2009-01-31,-0.38298504020574486
2009-02-28,-0.42767927358369345
2009-03-31,-0.3733635544123898
2009-04-30,-0.29100064003906156
2009-05-31,-0.2628457255477784
2009-06-30,-0.27544479077279466
2009-07-31,-0.20181985613502423
2009-08-31,-0.1767870210169629
2009-09-30,-0.15741705787003205
2009-10-31,-0.1698012385762718
2009-11-30,-0.14467808887345954
2009-12-31,-0.13457864326410374
2010-01-31,-0.1516426378918054
2010-02-28,-0.1328967281666802
2010-03-31,-0.09247213922414367
2010-04-30,-0.08489414346294716
2010-05-31,-0.11243966205647513
2010-06-30,-0.1269793536431377
2010-07-31,-0.0991233241606666
2010-08-31,-0.10937264871715795
2010-09-30,-0.0894589655092697
2010-10-31,-0.08802757180321674
2010-11-30,-0.07870416166412562
2010-12-31,-0.05738117211399891
2011-01-31,-0.042692523606662695
2011-02-28,-0.03136489211233714
2011-03-31,-0.027871394808910897
2011-04-30,-0.016655219473492824
2011-05-31,-0.03347000398560735
2011-06-30,-0.03974827031131718
2011-07-31,-0.043597897818235795
2011-08-31,-0.03509715438601759
2011-09-30,-0.017025045584612424
2011-10-31,0.0021953761334653076
2011-11-30,0.01531149771210972
2011-12-31,0.02304905096292236
2012-01-31,0.027036988237423173
2012-02-29,0.005460056991841492
2012-03-31,0.011111176337197897
2012-04-30,0.04908291119384631
2012-05-31,0.09333312720385495
2012-06-30,0.07315674463747499
2012-07-31,0.04197865034029516
2012-08-31,0.042466709305261814
2012-09-30,0.05994007657038887
2012-10-31,0.07965696516407964
2012-11-30,0.05106020948318511
2012-12-31,0.039577639421087905
2013-01-31,0.0018980128593699813
2013-02-28,-0.01336187483092394
2013-03-31,-0.02772105272824488
2013-04-30,-0.02872923942686733
2013-05-31,-0.03054728770342596
2013-06-30,-0.04994276216869094
2013-07-31,-0.051748818462039145
2013-08-31,-0.053114182156209375
2013-09-30,-0.03725385589349538
2013-10-31,0.04956790876461871
2013-11-30,0.0688794124804563
2013-12-31,0.07027310099945885
2014-01-31,0.07347392592047805
2014-02-28,0.09407480684926768
2014-03-31,0.09803388303521168
2014-04-30,0.07727712496775743
2014-05-31,0.05629740998440891
2014-06-30,0.0651593897495035
2014-07-31,0.033120634856380095
2014-08-31,0.018220783717241854
2014-09-30,0.007933352276157355
2014-10-31,0.027243268714448977
2014-11-30,0.0007668805035084313
2014-12-31,-0.0019244777773941531
2015-01-31,0.0652303937777589
2015-02-28,0.037105992059613534
2015-03-31,-0.0029616808342369833
2015-04-30,-0.006266214418341443
2015-05-31,0.06417456150595312
2015-06-30,0.09512841732304254
2015-07-31,0.06962419266091334
2015-08-31,0.08192265186734544
2015-09-30,0.08552909098605152
2015-10-31,0.06307212052522966
2015-11-30,0.06960731182075225
2015-12-31,0.024547410357115478
2016-01-31,0.04706686721439884
2016-02-29,0.027426024158856165
2016-03-31,0.003209631598007003
2016-04-30,-0.017949359688835032
2016-05-31,-0.0030101616880694438
2016-06-30,0.03607342979176047
2016-07-31,0.03310301694897661
2016-08-31,0.05594936825255979
2016-09-30,0.0566367459334399
2016-10-31,0.06065918074319582
2016-11-30,0.058205615714769905
2016-12-31,0.05734972487558673
2017-01-31,0.06772996702381097
2017-02-28,0.06589285524528855
2017-03-31,0.06593222650306245
2017-04-30,0.06303349736004554
2017-05-31,0.019531988661642716
2017-06-30,0.03946584489300445
2017-07-31,0.03069525878887172
2017-08-31,0.04807262012697969
2017-09-30,0.047263536153598504
2017-10-31,0.023117918784715922
2017-11-30,0.0013382063623091083
2017-12-31,0.0008495409032558861
2018-01-31,-0.03435311122678255
2018-02-28,0.005463543137301292
2018-03-31,0.046527480961927874
2018-04-30,0.05286171778113197
2018-05-31,0.034180734681183426
2018-06-30,0.05416005098644344
2018-07-31,-0.0013030668331622062
2018-08-31,0.016402119453587757
2018-09-30,0.003725790779869854
2018-10-31,0.04892202426038452
2018-11-30,0.01921134732137072
2018-12-31,0.12106742604954639
2019-01-31,0.06618297573000828
2019-02-28,0.00790275245929086
2019-03-31,-0.003271865652497869
2019-04-30,-0.0373908469833256
2019-05-31,0.046193918094825245
2019-06-30,-0.03243072466426166
2019-07-31,-0.019222762762859228
2019-08-31,-0.0070818298149260194
2019-09-30,0.0009163843565295162
2019-10-31,-0.019483633897516534
2019-11-30,-0.04972965283692782
2019-12-31,-0.05279418009988443
2020-01-31,-0.030516634054451562
2020-02-29,0.015796735552914148
2020-03-31,0.06322429909613374
2020-04-30,0.02441733156885737
2020-05-31,0.010602916111599015
2020-06-30,0.03035056475824353
2020-07-31,0.007633643247647634
2020-08-31,0.04547827172269841
2020-09-30,0.08145640052403424
2020-10-31,0.033818610178933804
2020-11-30,0.030583789019184363
2020-12-31,0.05457740659665147
2021-01-31,0.08416667036746422
2021-02-28,0.09462890449469644
2021-03-31,0.08751759767848889
2021-04-30,0.11181250397825668
2021-05-31,0.10679256195332891
2021-06-30,0.11196207757530843
2021-07-31,0.10960589231424209
2021-08-31,0.11699549118304066
2021-09-30,0.09464146176322506
2021-10-31,0.12917672085856055
2021-11-30,0.10927073886262592
2021-12-31,0.11969090385723197
2022-01-31,0.08501185169726301
2022-02-28,0.05071241121341722
2022-03-31,0.07186775077865326
2022-04-30,-0.0049364213717282696
2022-05-31,-0.010200002474040433
2022-06-30,-0.031137160972605233
2022-07-31,-0.058981395579489185
2022-08-31,-0.03865189079616793
2022-09-30,-0.02323061602076487
2022-10-31,-0.06011366383810041
2022-11-30,-0.09443763061912636
2022-12-31,-0.04994953267021014
2023-01-31,-0.10435793848882104
2023-02-28,-0.06571925344578886
2023-03-31,-0.07863489800687759
2023-04-30,-0.07763891361219451
2023-05-31,-0.06958894509048098
2023-06-30,-0.10424664420005657
2023-07-31,-0.1190005634152329
2023-08-31,-0.10153503371910477
2023-09-30,-0.07491239733868083
2023-10-31,-0.053680315673544025
2023-11-30,-0.08685673753001291
2023-12-31,-0.1067095111473677
2024-01-31,-0.10641923741974227
2024-02-29,-0.12145782340480228
2024-03-31,-0.1276584351099223
2024-04-30,-0.11052198752332208
2024-05-31,-0.13223490207227723
2024-06-30,-0.1353805227657766
2024-07-31,-0.13301769971724245
2024-08-31,-0.1412708342843246
2024-09-30,-0.1420104747140415
2024-10-31,-0.1387853628816736
2024-11-30,-0.14486555121516592
2024-12-31,-0.14679219201471508
2025-01-31,-0.14661279676063993
2025-02-28,-0.15531253315614021
2025-03-31,-0.13892318572432488
2025-04-30,-0.1603239777309851
2025-05-31,-0.16474652214218208
2025-06-30,-0.16728112182021979
2025-07-31,-0.17470621124086907
2025-08-31,-0.18751511954528885
2025-09-30,-0.17973786430230834
2025-10-31,-0.17121322875598202
2025-11-30,-0.2027540466029944
