signal,signal_column,threshold,strategy,lead_months,direction,is_sharpe,oos_sharpe,oos_sortino,oos_calmar,oos_ann_return,oos_ann_vol,max_drawdown,win_rate,annual_turnover,is_n,oos_n,valid
yoy,nhs_pct_yoy,T0_zero,P1_long_cash,0,procyclical,1.304510984545075,1.304510984545075,2.0376663804175337,1.572232890765668,0.1309017405883124,0.09839566402553172,-0.08325849265534957,0.46017699115044247,2.5486725663716814,113,113,True
yoy,nhs_pct_yoy,T0_zero,P1_long_cash,1,procyclical,1.0635784846033207,1.0635784846033207,1.0563979524457994,0.5881319701657697,0.11437796433564018,0.10767455616532917,-0.19447669934249934,0.46017699115044247,2.442477876106195,113,113,True
yoy,nhs_pct_yoy,T0_zero,P1_long_cash,2,procyclical,0.9066359028613615,0.9066359028613615,0.9367819065937917,0.548469596616597,0.10666455683970777,0.12013437320838202,-0.19447669934249923,0.4424778761061947,2.442477876106195,113,113,True
yoy,nhs_pct_yoy,T0_zero,P1_long_cash,3,procyclical,0.7398053936951228,0.7398053936951228,0.8074524179555829,0.4248725392048113,0.08262780906581835,0.11676657688316501,-0.19447669934249934,0.4336283185840708,2.336283185840708,113,113,True
yoy,nhs_pct_yoy,T0_zero,P1_long_cash,6,procyclical,0.9885785703213223,0.9885785703213223,1.0242256667982272,0.6079133964786807,0.11822499083326199,0.12086918992839144,-0.19447669934249934,0.4778761061946903,2.1238938053097347,113,113,True
yoy,nhs_pct_yoy,T0_zero,P1_long_cash,9,procyclical,1.0788759274232274,1.0788759274232274,1.1817963929194264,0.9513763614136145,0.12874150599620315,0.11934612312760237,-0.1353213210016181,0.48672566371681414,1.9115044247787611,113,113,True
yoy,nhs_pct_yoy,T0_zero,P1_long_cash,12,procyclical,0.4682935914595525,0.4682935914595525,0.47108125559594327,0.2474947900479377,0.051470037202330676,0.12361635863166437,-0.20796412398160524,0.4336283185840708,1.9115044247787611,113,113,True
yoy,nhs_pct_yoy,T0_zero,P1_long_cash,0,countercyclical,0.2208668655042723,0.2208668655042723,0.16506035473648956,0.06875919579932795,0.020046787255641574,0.12533190816725456,-0.29155063584727836,0.23893805309734514,2.5486725663716814,113,113,True
yoy,nhs_pct_yoy,T0_zero,P1_long_cash,1,countercyclical,0.3509286841710512,0.3509286841710512,0.3471804958797829,0.13181278378399813,0.035171839454531506,0.11831335212424536,-0.2668317779568913,0.23893805309734514,2.442477876106195,113,113,True
yoy,nhs_pct_yoy,T0_zero,P1_long_cash,2,countercyclical,0.44480058502093944,0.44480058502093944,0.452513446245074,0.25522106104286846,0.04238694558283185,0.10593905657026081,-0.16607934082568632,0.25663716814159293,2.442477876106195,113,113,True
yoy,nhs_pct_yoy,T0_zero,P1_long_cash,3,countercyclical,0.631414726652081,0.631414726652081,0.6113338873678353,0.27192668719637686,0.06553025659327916,0.11031631657584548,-0.2409850142658314,0.26548672566371684,2.336283185840708,113,113,True
yoy,nhs_pct_yoy,T0_zero,P1_long_cash,6,countercyclical,0.34981855304224013,0.34981855304224013,0.3354759639167011,0.14289365794898692,0.031610540495360606,0.10448616565446878,-0.22121723909290347,0.22123893805309736,2.1238938053097347,113,113,True
yoy,nhs_pct_yoy,T0_zero,P1_long_cash,9,countercyclical,0.2584733113508582,0.2584733113508582,0.21496494175888195,0.10099484986726795,0.021998997167028467,0.10554370523304855,-0.21782296023946324,0.21238938053097345,1.9115044247787611,113,113,True
yoy,nhs_pct_yoy,T0_zero,P1_long_cash,12,countercyclical,0.9593778775118259,0.9593778775118259,0.9958769367323259,0.749983565814682,0.09710466905767201,0.10230707212601907,-0.1294757291810661,0.26548672566371684,1.9115044247787611,113,113,True
yoy,nhs_pct_yoy,T_roll_p25,P1_long_cash,0,procyclical,1.4112080698248037,1.4112080698248037,2.424565908356682,1.9075458932762082,0.15881939574507942,0.10921175064021471,-0.08325849265534957,0.5132743362831859,2.1238938053097347,113,113,True
yoy,nhs_pct_yoy,T_roll_p25,P1_long_cash,1,procyclical,0.9459181437551678,0.9459181437551678,1.0525484347468481,0.5772000633428793,0.11225196317920472,0.12060941660142001,-0.19447669934249934,0.504424778761062,2.2300884955752216,113,113,True
yoy,nhs_pct_yoy,T_roll_p25,P1_long_cash,2,procyclical,0.9912188574164116,0.9912188574164116,1.1916984700938797,0.6571906886815809,0.12780827597341782,0.13040533444788271,-0.19447669934249923,0.49557522123893805,2.336283185840708,113,113,True
yoy,nhs_pct_yoy,T_roll_p25,P1_long_cash,3,procyclical,1.0300659574509685,1.0300659574509685,1.2257302878390537,0.6431930096847007,0.12508605356364888,0.1221305495671583,-0.19447669934249945,0.504424778761062,2.336283185840708,113,113,True
yoy,nhs_pct_yoy,T_roll_p25,P1_long_cash,6,procyclical,1.1514058067572774,1.1514058067572774,1.4057118509220834,0.741712948356502,0.1442458860559661,0.12427935782737747,-0.19447669934249923,0.5221238938053098,2.1238938053097347,113,113,True
yoy,nhs_pct_yoy,T_roll_p25,P1_long_cash,9,procyclical,1.0666905737915124,1.0666905737915124,1.2714538354059857,0.9958611552996487,0.134761247069346,0.1265551501428574,-0.1353213210016181,0.5221238938053098,2.1238938053097347,113,113,True
yoy,nhs_pct_yoy,T_roll_p25,P1_long_cash,12,procyclical,0.5589887118687344,0.5589887118687344,0.6445425464668373,0.26473634503406773,0.06689705059176809,0.13147107908322359,-0.2526931108879644,0.45132743362831856,2.2300884955752216,113,113,True
yoy,nhs_pct_yoy,T_roll_p25,P1_long_cash,0,countercyclical,0.016889538014880842,0.016889538014880842,-0.04122213294374776,-0.019280630566181112,-0.004527632671168069,0.11364351308054328,-0.23482803924004914,0.18584070796460178,2.1238938053097347,113,113,True
yoy,nhs_pct_yoy,T_roll_p25,P1_long_cash,1,countercyclical,0.39909317148367346,0.39909317148367346,0.37570982661534635,0.16236903072650752,0.03715050669958542,0.1051214547984091,-0.22880290984899265,0.19469026548672566,2.2300884955752216,113,113,True
yoy,nhs_pct_yoy,T_roll_p25,P1_long_cash,2,countercyclical,0.2927336170425754,0.2927336170425754,0.2454894610483076,0.1340261821346079,0.022844672950520728,0.09148134032434506,-0.17044933002401652,0.20353982300884957,2.336283185840708,113,113,True
yoy,nhs_pct_yoy,T_roll_p25,P1_long_cash,3,countercyclical,0.29486066318925214,0.29486066318925214,0.24574658381459286,0.10506676295489732,0.025319515369550682,0.1025479915039339,-0.24098501426583163,0.19469026548672566,2.336283185840708,113,113,True
yoy,nhs_pct_yoy,T_roll_p25,P1_long_cash,6,countercyclical,0.13170819719740665,0.13170819719740665,0.08063372869216541,0.03364988544507699,0.008151046245054028,0.09827722397243929,-0.24223102507609084,0.17699115044247787,2.1238938053097347,113,113,True
yoy,nhs_pct_yoy,T_roll_p25,P1_long_cash,9,countercyclical,0.21876722634901394,0.21876722634901394,0.15945111701369377,0.0688116352942109,0.01657744320063581,0.09619678818688338,-0.24091046709989272,0.17699115044247787,2.1238938053097347,113,113,True
yoy,nhs_pct_yoy,T_roll_p25,P1_long_cash,12,countercyclical,0.893909744121783,0.893909744121783,0.7261953083677358,0.6274601658681113,0.08124086250784646,0.09234605803951698,-0.1294757291810662,0.24778761061946902,2.2300884955752216,113,113,True
yoy,nhs_pct_yoy,T_roll_p50,P1_long_cash,0,procyclical,1.0181362992695573,1.0181362992695573,1.6607733570572554,1.0376763432499452,0.08639536820310556,0.08508686848515125,-0.08325849265534957,0.26548672566371684,3.0796460176991154,113,113,True
yoy,nhs_pct_yoy,T_roll_p50,P1_long_cash,1,procyclical,0.9763247711982553,0.9763247711982553,1.1234087720365808,1.0326568517082644,0.08597745290344894,0.08865152374440124,-0.08325849265534957,0.26548672566371684,2.9734513274336285,113,113,True
yoy,nhs_pct_yoy,T_roll_p50,P1_long_cash,2,procyclical,0.7467736161997984,0.7467736161997984,0.5872667455694434,0.3528043581098064,0.06861222707884429,0.09510138175005625,-0.19447669934249934,0.23893805309734514,2.8672566371681416,113,113,True
yoy,nhs_pct_yoy,T_roll_p50,P1_long_cash,3,procyclical,0.3494651757621049,0.3494651757621049,0.2931915963056637,0.15885883823022748,0.030894342520398688,0.10173563880802924,-0.19447669934249934,0.21238938053097345,2.9734513274336285,113,113,True
yoy,nhs_pct_yoy,T_roll_p50,P1_long_cash,6,procyclical,0.7690063081099151,0.7690063081099151,0.6952437525902431,0.41921489541620305,0.08139121936569182,0.10974051433416661,-0.19415154436458026,0.26548672566371684,2.9734513274336285,113,113,True
yoy,nhs_pct_yoy,T_roll_p50,P1_long_cash,9,procyclical,0.8074502614243952,0.8074502614243952,0.5659832800074622,0.5323332683090551,0.06647310828858499,0.0843239379373568,-0.12487122681574148,0.2831858407079646,3.185840707964602,113,113,True
yoy,nhs_pct_yoy,T_roll_p50,P1_long_cash,12,procyclical,0.5521934743956419,0.5521934743956419,0.48492187226229677,0.294002620270521,0.04102787116964368,0.07840577243334292,-0.13954933847831918,0.24778761061946902,3.185840707964602,113,113,True
yoy,nhs_pct_yoy,T_roll_p50,P1_long_cash,0,countercyclical,0.5094358687027589,0.5094358687027589,0.5402495766996973,0.25843023700988077,0.061835056510712416,0.13624847625732234,-0.23927175560477554,0.4336283185840708,3.0796460176991154,113,113,True
yoy,nhs_pct_yoy,T_roll_p50,P1_long_cash,1,countercyclical,0.5187266550849968,0.5187266550849968,0.5646552002057746,0.26013802158070154,0.06224368112316747,0.13395727969669963,-0.23927175560477565,0.4336283185840708,2.9734513274336285,113,113,True
yoy,nhs_pct_yoy,T_roll_p50,P1_long_cash,2,countercyclical,0.6566650347479651,0.6566650347479651,0.8970026263517326,0.33228082530432573,0.07950541642436981,0.12947344993787957,-0.23927175560477576,0.46017699115044247,2.8672566371681416,113,113,True
yoy,nhs_pct_yoy,T_roll_p50,P1_long_cash,3,countercyclical,0.9784852404115214,0.9784852404115214,1.1555217875860821,0.4973502205932866,0.11900186043177818,0.12313607030954551,-0.23927175560477576,0.48672566371681414,2.9734513274336285,113,113,True
yoy,nhs_pct_yoy,T_roll_p50,P1_long_cash,6,countercyclical,0.6106655134353031,0.6106655134353031,0.6673173644959599,0.2789661021102236,0.06674870900613428,0.11732894834067581,-0.23927175560477554,0.4336283185840708,2.9734513274336285,113,113,True
yoy,nhs_pct_yoy,T_roll_p50,P1_long_cash,9,countercyclical,0.643365580654769,0.643365580654769,0.7994669028061235,0.38617374150832606,0.08167067525979,0.13670688512139392,-0.21148686842559217,0.415929203539823,3.185840707964602,113,113,True
yoy,nhs_pct_yoy,T_roll_p50,P1_long_cash,12,countercyclical,0.808093655161469,0.808093655161469,0.9546058678399104,0.5558985786029448,0.10810932073588764,0.13951939066062075,-0.19447669934249934,0.45132743362831856,3.185840707964602,113,113,True
pct_6m,nhs_pct_6m,T0_zero,P1_long_cash,0,procyclical,1.016994592842255,1.016994592842255,1.568807200267796,0.6675100651007033,0.08923222357027072,0.08805099479383537,-0.1336792180906048,0.36283185840707965,3.3982300884955756,113,113,True
pct_6m,nhs_pct_6m,T0_zero,P1_long_cash,1,procyclical,1.0479372347737717,1.0479372347737717,1.4472608873341257,1.1906556838060494,0.09913219750521618,0.09473474666844417,-0.08325849265534957,0.3893805309734513,3.504424778761062,113,113,True
pct_6m,nhs_pct_6m,T0_zero,P1_long_cash,2,procyclical,0.5551321580941003,0.5551321580941003,0.518030241401034,0.3349217806630613,0.053716600639999834,0.10417773845821807,-0.16038551011419566,0.34513274336283184,3.504424778761062,113,113,True
pct_6m,nhs_pct_6m,T0_zero,P1_long_cash,3,procyclical,0.5610947599563716,0.5610947599563716,0.6372601483069656,0.43415532710940524,0.055775319182030936,0.10690885786983063,-0.12846858186304322,0.35398230088495575,3.610619469026549,113,113,True
pct_6m,nhs_pct_6m,T0_zero,P1_long_cash,6,procyclical,0.8312633759136888,0.8312633759136888,0.9934428003872949,0.622262783223184,0.09400419625097456,0.11646864347974632,-0.15106832480652876,0.3893805309734513,3.610619469026549,113,113,True
pct_6m,nhs_pct_6m,T0_zero,P1_long_cash,9,procyclical,0.8136480646346084,0.8136480646346084,0.7774846904966806,0.6805888016976629,0.09209817570463597,0.11704886432606568,-0.13532132100161798,0.39823008849557523,3.610619469026549,113,113,True
pct_6m,nhs_pct_6m,T0_zero,P1_long_cash,12,procyclical,0.8305669346954246,0.8305669346954246,0.7945820249033321,0.48314252532999374,0.09380286744102162,0.11642154358102844,-0.19415154436458026,0.40707964601769914,3.610619469026549,113,113,True
pct_6m,nhs_pct_6m,T0_zero,P1_long_cash,0,countercyclical,0.4950483453377112,0.4950483453377112,0.4911967600965762,0.2264739207544077,0.05906955580854567,0.13431517403095605,-0.26082277205154114,0.336283185840708,3.3982300884955756,113,113,True
pct_6m,nhs_pct_6m,T0_zero,P1_long_cash,1,countercyclical,0.43839615906384394,0.43839615906384394,0.40328750728657164,0.23712616148588408,0.04953042937625929,0.12948065493542313,-0.20887796211894483,0.30973451327433627,3.504424778761062,113,113,True
pct_6m,nhs_pct_6m,T0_zero,P1_long_cash,2,countercyclical,0.8201981576262932,0.8201981576262932,0.975184484693495,0.7155528739588936,0.09682956015062172,0.12205319224506371,-0.13532132100161798,0.36283185840707965,3.610619469026549,113,113,True
pct_6m,nhs_pct_6m,T0_zero,P1_long_cash,3,countercyclical,0.8344024084383802,0.8344024084383802,0.7918096820507312,0.5590406114737999,0.09711179777103407,0.12011764436762054,-0.17371152610007712,0.35398230088495575,3.610619469026549,113,113,True
pct_6m,nhs_pct_6m,T0_zero,P1_long_cash,6,countercyclical,0.5498063250104239,0.5498063250104239,0.47984851061232237,0.2663780978837182,0.05602044232514336,0.11044347670960128,-0.21030423585950342,0.3185840707964602,3.610619469026549,113,113,True
pct_6m,nhs_pct_6m,T0_zero,P1_long_cash,9,countercyclical,0.5564175810074765,0.5564175810074765,0.6137581586773264,0.28335011939938803,0.05661714238100157,0.10983325821744866,-0.19981337047258663,0.30973451327433627,3.610619469026549,113,113,True
pct_6m,nhs_pct_6m,T0_zero,P1_long_cash,12,countercyclical,0.5650418399744205,0.5650418399744205,0.6139768264561452,0.24249186489322716,0.05802145423287852,0.11077041283579983,-0.23927175560477565,0.3008849557522124,3.610619469026549,113,113,True
pct_6m,nhs_pct_6m,T_roll_p25,P1_long_cash,0,procyclical,1.1368078820385676,1.1368078820385676,1.8243106880766775,1.5727044263993628,0.1309409999344071,0.11443337626645098,-0.08325849265534957,0.49557522123893805,2.1238938053097347,113,113,True
pct_6m,nhs_pct_6m,T_roll_p25,P1_long_cash,1,procyclical,0.8865360935961993,0.8865360935961993,1.1210354925198343,0.5646766865991917,0.10963285076990714,0.1268668764064017,-0.19415154436458026,0.5132743362831859,2.2300884955752216,113,113,True
pct_6m,nhs_pct_6m,T_roll_p25,P1_long_cash,2,procyclical,0.9808889308856314,0.9808889308856314,1.269104206417433,0.6628223448766406,0.1236378681495649,0.12758630746328373,-0.18653243830000243,0.504424778761062,2.1238938053097347,113,113,True
pct_6m,nhs_pct_6m,T_roll_p25,P1_long_cash,3,procyclical,0.8332491975982907,0.8332491975982907,1.1367479528191504,0.611742238947676,0.09855323100165059,0.12202368540610867,-0.16110254405708957,0.49557522123893805,2.1238938053097347,113,113,True
pct_6m,nhs_pct_6m,T_roll_p25,P1_long_cash,6,procyclical,0.9195400232830103,0.9195400232830103,1.0526582977886616,0.6342500433371251,0.12334685498604125,0.13724417853105259,-0.19447669934249934,0.5309734513274337,1.9115044247787611,113,113,True
pct_6m,nhs_pct_6m,T_roll_p25,P1_long_cash,9,procyclical,0.9575166740574313,0.9575166740574313,1.159124279962437,0.6597810433372243,0.1283120395969739,0.13631734417845867,-0.19447669934249934,0.5309734513274337,1.9115044247787611,113,113,True
pct_6m,nhs_pct_6m,T_roll_p25,P1_long_cash,12,procyclical,0.9972770946465347,0.9972770946465347,1.2484236727305946,0.6667492886533793,0.12945040409603892,0.13119400910137832,-0.19415154436458026,0.5309734513274337,1.9115044247787611,113,113,True
pct_6m,nhs_pct_6m,T_roll_p25,P1_long_cash,0,countercyclical,0.23432709229338972,0.23432709229338972,0.16091120506845774,0.09883634879547344,0.020011377477539893,0.11074744237002197,-0.20246981724254454,0.20353982300884957,2.1238938053097347,113,113,True
pct_6m,nhs_pct_6m,T_roll_p25,P1_long_cash,1,countercyclical,0.44650104367320204,0.44650104367320204,0.3229707380087941,0.2926259937078265,0.03959853602795427,0.09757608825050831,-0.1353213210016181,0.18584070796460178,2.2300884955752216,113,113,True
pct_6m,nhs_pct_6m,T_roll_p25,P1_long_cash,2,countercyclical,0.3226997492819466,0.3226997492819466,0.2779028268375134,0.19687203991240015,0.02664098450922925,0.09572952443538202,-0.13532132100161798,0.19469026548672566,2.1238938053097347,113,113,True
pct_6m,nhs_pct_6m,T_roll_p25,P1_long_cash,3,countercyclical,0.5223420239904987,0.5223420239904987,0.39809360941660676,0.3868181309981397,0.05008355957144128,0.10407692624372528,-0.1294757291810661,0.20353982300884957,2.1238938053097347,113,113,True
pct_6m,nhs_pct_6m,T_roll_p25,P1_long_cash,6,countercyclical,0.36757587971001277,0.36757587971001277,0.35156431166642516,0.2071935260109249,0.026906945142295635,0.08117609664464912,-0.12986383146390823,0.168141592920354,1.9115044247787611,113,113,True
pct_6m,nhs_pct_6m,T_roll_p25,P1_long_cash,9,countercyclical,0.31008720556650415,0.31008720556650415,0.23433576833407985,0.11204454368496292,0.022387997916755387,0.08227930654788602,-0.1998133704725864,0.168141592920354,1.9115044247787611,113,113,True
pct_6m,nhs_pct_6m,T_roll_p25,P1_long_cash,12,countercyclical,0.2794326508132065,0.2794326508132065,0.19837550761665135,0.08926060140769357,0.02135754080515695,0.09019386228661457,-0.23927175560477565,0.168141592920354,1.9115044247787611,113,113,True
pct_6m,nhs_pct_6m,T_roll_p50,P1_long_cash,0,procyclical,0.9707572431816679,0.9707572431816679,1.5735104757868879,0.6489126560869395,0.08674613647479967,0.0900511958174359,-0.1336792180906049,0.336283185840708,3.3982300884955756,113,113,True
pct_6m,nhs_pct_6m,T_roll_p50,P1_long_cash,1,procyclical,0.8458432420845485,0.8458432420845485,1.2172022017871262,0.9453845359169422,0.07871129144012179,0.09508060967394932,-0.08325849265534957,0.34513274336283184,3.3982300884955756,113,113,True
pct_6m,nhs_pct_6m,T_roll_p50,P1_long_cash,2,procyclical,0.5534310587825638,0.5534310587825638,0.4986868551266703,0.3312211756547311,0.053123077218007575,0.10330802163015074,-0.16038551011419544,0.3185840707964602,3.3982300884955756,113,113,True
pct_6m,nhs_pct_6m,T_roll_p50,P1_long_cash,3,procyclical,0.5258979733823943,0.5258979733823943,0.5769624568925791,0.40120052816347174,0.05154166289586515,0.10625528938455746,-0.12846858186304322,0.3185840707964602,3.3982300884955756,113,113,True
pct_6m,nhs_pct_6m,T_roll_p50,P1_long_cash,6,procyclical,0.9760012573712342,0.9760012573712342,1.2389459949995871,1.314206426853724,0.10941884613781383,0.11324206509636331,-0.08325849265534946,0.35398230088495575,3.3982300884955756,113,113,True
pct_6m,nhs_pct_6m,T_roll_p50,P1_long_cash,9,procyclical,0.744311108172363,0.744311108172363,0.7332436124532861,0.6279370732122552,0.08497327425297208,0.1194477271809437,-0.13532132100161798,0.336283185840708,3.610619469026549,113,113,True
pct_6m,nhs_pct_6m,T_roll_p50,P1_long_cash,12,procyclical,0.8358749882318545,0.8358749882318545,0.79306628882498,0.4692324550772809,0.09110220581923767,0.11209392413789361,-0.19415154436458038,0.36283185840707965,3.610619469026549,113,113,True
pct_6m,nhs_pct_6m,T_roll_p50,P1_long_cash,0,countercyclical,0.5159140781544453,0.5159140781544453,0.5068577808556545,0.235762883304895,0.06149232877044675,0.1330105972413378,-0.26082277205154125,0.36283185840707965,3.3982300884955756,113,113,True
pct_6m,nhs_pct_6m,T_roll_p50,P1_long_cash,1,countercyclical,0.5838363381327726,0.5838363381327726,0.5411290518623846,0.3322462390784524,0.06939891734039083,0.1295167740900337,-0.20887796211894472,0.35398230088495575,3.3982300884955756,113,113,True
pct_6m,nhs_pct_6m,T_roll_p50,P1_long_cash,2,countercyclical,0.8053535472583487,0.8053535472583487,0.9868876223548062,0.7048600501811683,0.09538259311178243,0.12276101943369494,-0.13532132100161798,0.3805309734513274,3.3982300884955756,113,113,True
pct_6m,nhs_pct_6m,T_roll_p50,P1_long_cash,3,countercyclical,0.833419132520387,0.833419132520387,0.8106033163922595,0.5585693823619322,0.09702993984286867,0.12018016505822766,-0.173711526100077,0.3805309734513274,3.3982300884955756,113,113,True
pct_6m,nhs_pct_6m,T_roll_p50,P1_long_cash,6,countercyclical,0.40207685485167116,0.40207685485167116,0.3406950192880678,0.18924522514732525,0.03979907246466796,0.11320097585052206,-0.21030423585950364,0.34513274336283184,3.3982300884955756,113,113,True
pct_6m,nhs_pct_6m,T_roll_p50,P1_long_cash,9,countercyclical,0.6252580706357995,0.6252580706357995,0.6726711205871742,0.3164293892540234,0.0632268227834285,0.10736945786641329,-0.19981337047258663,0.36283185840707965,3.610619469026549,113,113,True
pct_6m,nhs_pct_6m,T_roll_p50,P1_long_cash,12,countercyclical,0.5424340142376335,0.5424340142376335,0.5803104495327626,0.23928638161318846,0.057254472620901886,0.1149326574320385,-0.23927175560477554,0.336283185840708,3.610619469026549,113,113,True
pct_3m,nhs_pct_3m,T0_zero,P1_long_cash,0,procyclical,1.3134526674671179,1.3134526674671179,2.214267610675379,0.8467964425675324,0.12386072054071695,0.09249380093247074,-0.14626976958614113,0.3805309734513274,4.035398230088496,113,113,True
pct_3m,nhs_pct_3m,T0_zero,P1_long_cash,1,procyclical,1.1784200075931934,1.1784200075931934,1.312953015183347,1.23635440756611,0.10885902196007913,0.09154657663825513,-0.08804839558454702,0.39823008849557523,4.1415929203539825,113,113,True
pct_3m,nhs_pct_3m,T0_zero,P1_long_cash,2,procyclical,0.750515583011528,0.750515583011528,0.8756717049440075,0.34515777313972984,0.07146422125835206,0.09859450565809835,-0.20704798448627515,0.336283185840708,4.1415929203539825,113,113,True
pct_3m,nhs_pct_3m,T0_zero,P1_long_cash,3,procyclical,0.7208560877102905,0.7208560877102905,0.741708839193182,0.7497785340368497,0.06580734132431587,0.09478191574305098,-0.08776903890540244,0.336283185840708,4.035398230088496,113,113,True
pct_3m,nhs_pct_3m,T0_zero,P1_long_cash,6,procyclical,0.783180862885768,0.783180862885768,0.9906141697685172,0.6822293225141012,0.08538039390525487,0.11287677619629805,-0.12514911201796097,0.36283185840707965,4.035398230088496,113,113,True
pct_3m,nhs_pct_3m,T0_zero,P1_long_cash,9,procyclical,0.7733268871674678,0.7733268871674678,0.7115423298734371,0.4337136810787729,0.08728895317430285,0.11749090646017603,-0.20125939527014614,0.36283185840707965,4.035398230088496,113,113,True
pct_3m,nhs_pct_3m,T0_zero,P1_long_cash,12,procyclical,0.5305135587689358,0.5305135587689358,0.4956900374379698,0.23763921813328598,0.05651675530689615,0.11658959852441005,-0.23782587634671182,0.35398230088495575,3.929203539823009,113,113,True
pct_3m,nhs_pct_3m,T0_zero,P1_long_cash,0,countercyclical,0.30244686820572003,0.30244686820572003,0.26266119531213067,0.09906881297431994,0.03152348035028485,0.1309761743439106,-0.31819782032168076,0.3274336283185841,4.035398230088496,113,113,True
pct_3m,nhs_pct_3m,T0_zero,P1_long_cash,1,countercyclical,0.38043224195012737,0.38043224195012737,0.3702965996806316,0.14893854047586153,0.0422679026074706,0.13154210827483415,-0.2837942581713493,0.30973451327433627,4.1415929203539825,113,113,True
pct_3m,nhs_pct_3m,T0_zero,P1_long_cash,2,countercyclical,0.6900258971082106,0.6900258971082106,0.6920800039563706,0.33872484479072734,0.08319444118587382,0.12796220380448783,-0.2456106850894667,0.37168141592920356,4.1415929203539825,113,113,True
pct_3m,nhs_pct_3m,T0_zero,P1_long_cash,3,countercyclical,0.7248271293169675,0.7248271293169675,0.8026789840978636,0.4997428864023766,0.09012900111155608,0.13124205832090102,-0.1803507434800926,0.37168141592920356,4.035398230088496,113,113,True
pct_3m,nhs_pct_3m,T0_zero,P1_long_cash,6,countercyclical,0.6649623158431248,0.6649623158431248,0.6129595457736401,0.3120224798815905,0.0745464474003612,0.1190871340908187,-0.23891370720677196,0.34513274336283184,4.035398230088496,113,113,True
pct_3m,nhs_pct_3m,T0_zero,P1_long_cash,9,countercyclical,0.6210997503067452,0.6210997503067452,0.7402630331992637,0.4932623652320088,0.06405694066597833,0.10969866438053584,-0.12986383146390823,0.34513274336283184,4.035398230088496,113,113,True
pct_3m,nhs_pct_3m,T0_zero,P1_long_cash,12,countercyclical,0.8600224324691038,0.8600224324691038,0.9696139002875904,0.4635485195794959,0.09262319207475689,0.11032830362057629,-0.19981337047258663,0.35398230088495575,3.929203539823009,113,113,True
pct_3m,nhs_pct_3m,T_roll_p25,P1_long_cash,0,procyclical,1.2478150827081442,1.2478150827081442,1.968203325889598,0.7575707783792655,0.15130842179581472,0.11917611517832362,-0.1997284294934415,0.5221238938053098,3.3982300884955756,113,113,True
pct_3m,nhs_pct_3m,T_roll_p25,P1_long_cash,1,procyclical,0.9807284786469342,0.9807284786469342,1.0954633125400115,0.8923695250554942,0.11986731449819032,0.12376345796551087,-0.13432475127468757,0.5132743362831859,3.3982300884955756,113,113,True
pct_3m,nhs_pct_3m,T_roll_p25,P1_long_cash,2,procyclical,1.2214733533418478,1.2214733533418478,1.8122306170782785,1.1830878142357462,0.1536403165149145,0.12383537486159453,-0.12986383146390823,0.5132743362831859,3.3982300884955756,113,113,True
pct_3m,nhs_pct_3m,T_roll_p25,P1_long_cash,3,procyclical,0.5891277579576201,0.5891277579576201,0.6535555928889909,0.3404651453515313,0.06621253770913005,0.12167863095986475,-0.19447669934249923,0.46017699115044247,3.3982300884955756,113,113,True
pct_3m,nhs_pct_3m,T_roll_p25,P1_long_cash,6,procyclical,0.8171150378392582,0.8171150378392582,1.0309127315800197,0.5469527975274999,0.10645343065886403,0.13540997281945868,-0.19463001403427638,0.5221238938053098,3.3982300884955756,113,113,True
pct_3m,nhs_pct_3m,T_roll_p25,P1_long_cash,9,procyclical,1.0488158468934214,1.0488158468934214,1.2175867973433663,1.0528584846769142,0.1363196200280159,0.13055553708514006,-0.1294757291810662,0.5309734513274337,3.3982300884955756,113,113,True
pct_3m,nhs_pct_3m,T_roll_p25,P1_long_cash,12,procyclical,0.6608186224933952,0.6608186224933952,0.8219300058049411,0.2933476603065252,0.08517856318922146,0.13848866446456648,-0.29036728331228745,0.49557522123893805,3.185840707964602,113,113,True
pct_3m,nhs_pct_3m,T_roll_p25,P1_long_cash,0,countercyclical,0.07062370254111884,0.07062370254111884,0.01432270657813916,0.006684397552068975,0.0019666888126939064,0.10379144643599832,-0.29422080260399397,0.17699115044247787,3.3982300884955756,113,113,True
pct_3m,nhs_pct_3m,T_roll_p25,P1_long_cash,1,countercyclical,0.34349735894283223,0.34349735894283223,0.30859488739391455,0.18474421305022656,0.030097648403850208,0.10090774066374424,-0.16291524322695583,0.18584070796460178,3.3982300884955756,113,113,True
pct_3m,nhs_pct_3m,T_roll_p25,P1_long_cash,2,countercyclical,0.048822435561529154,0.048822435561529154,-0.00048407988683113663,-0.000270717486422474,-5.862254034072478e-05,0.09787057134675571,-0.21654508216451196,0.18584070796460178,3.3982300884955756,113,113,True
pct_3m,nhs_pct_3m,T_roll_p25,P1_long_cash,3,countercyclical,0.8041733133631792,0.8041733133631792,0.7374527719202872,0.6328214882876803,0.08193502363749494,0.1048973272390218,-0.1294757291810662,0.23893805309734514,3.3982300884955756,113,113,True
pct_3m,nhs_pct_3m,T_roll_p25,P1_long_cash,6,countercyclical,0.5312630548605386,0.5312630548605386,0.3834529026093908,0.3035094650415662,0.042585847017527545,0.08544611709394166,-0.14031142986494782,0.17699115044247787,3.3982300884955756,113,113,True
pct_3m,nhs_pct_3m,T_roll_p25,P1_long_cash,9,countercyclical,0.21120733736124175,0.21120733736124175,0.16513967209478947,0.08136943437818245,0.015183287216742558,0.0904853699766115,-0.18659693695515778,0.168141592920354,3.3982300884955756,113,113,True
pct_3m,nhs_pct_3m,T_roll_p25,P1_long_cash,12,countercyclical,0.793865750734219,0.793865750734219,0.5404300453137367,0.2754584135969351,0.06302568657336605,0.08127822835962224,-0.22880290984899254,0.20353982300884957,3.185840707964602,113,113,True
pct_3m,nhs_pct_3m,T_roll_p50,P1_long_cash,0,procyclical,0.9332918164087608,0.9332918164087608,1.2385945395498472,0.3589022444713084,0.09216864950057846,0.10007056271236009,-0.2568071136928949,0.36283185840707965,4.247787610619469,113,113,True
pct_3m,nhs_pct_3m,T_roll_p50,P1_long_cash,1,procyclical,0.9715518343304793,0.9715518343304793,1.0205445137997085,0.7190838531598291,0.09659075972133802,0.10037506130794205,-0.13432475127468757,0.3805309734513274,4.247787610619469,113,113,True
pct_3m,nhs_pct_3m,T_roll_p50,P1_long_cash,2,procyclical,0.8403421653680042,0.8403421653680042,1.0875362568318545,0.6262125824383821,0.08570055123205744,0.10453806558567624,-0.1368553645127215,0.34513274336283184,4.1415929203539825,113,113,True
pct_3m,nhs_pct_3m,T_roll_p50,P1_long_cash,3,procyclical,0.7944073359567009,0.7944073359567009,0.877936131530091,0.7937993217109681,0.0718397019421686,0.09292259842408608,-0.09050108758889353,0.336283185840708,4.035398230088496,113,113,True
pct_3m,nhs_pct_3m,T_roll_p50,P1_long_cash,6,procyclical,0.6638497030514171,0.6638497030514171,0.8057936526812999,0.5426150184343687,0.06790778772467077,0.10777993479542874,-0.12514911201796097,0.336283185840708,4.035398230088496,113,113,True
pct_3m,nhs_pct_3m,T_roll_p50,P1_long_cash,9,procyclical,0.7439545629733111,0.7439545629733111,0.6803972286097084,0.41472948864279285,0.08346820608494543,0.11734145946299533,-0.20125939527014614,0.34513274336283184,4.035398230088496,113,113,True
pct_3m,nhs_pct_3m,T_roll_p50,P1_long_cash,12,procyclical,0.36597990678752357,0.36597990678752357,0.3228625167272558,0.14940522414055987,0.03553242836200554,0.11293914323331836,-0.2378258763467117,0.3185840707964602,3.929203539823009,113,113,True
pct_3m,nhs_pct_3m,T_roll_p50,P1_long_cash,0,countercyclical,0.4989757677530681,0.4989757677530681,0.4535657521101529,0.19154578902200697,0.05622212074703037,0.12554688436417175,-0.29351791565916874,0.336283185840708,4.247787610619469,113,113,True
pct_3m,nhs_pct_3m,T_roll_p50,P1_long_cash,1,countercyclical,0.4673884648899943,0.4673884648899943,0.462691916162428,0.20460826618511116,0.051962801038067274,0.12520701668684037,-0.25396237408637246,0.3185840707964602,4.247787610619469,113,113,True
pct_3m,nhs_pct_3m,T_roll_p50,P1_long_cash,2,countercyclical,0.5591880050865505,0.5591880050865505,0.5046560558960549,0.2542121496387436,0.06251460025496147,0.12194851327198855,-0.2459150766153383,0.35398230088495575,4.1415929203539825,113,113,True
pct_3m,nhs_pct_3m,T_roll_p50,P1_long_cash,3,countercyclical,0.6273286909352662,0.6273286909352662,0.6647111844740554,0.3673338328477376,0.07625485891094774,0.13106605449632697,-0.2075900777224512,0.36283185840707965,4.035398230088496,113,113,True
pct_3m,nhs_pct_3m,T_roll_p50,P1_long_cash,6,countercyclical,0.7092175693286928,0.7092175693286928,0.6457304084482469,0.3357593292859211,0.08021750608895872,0.11913158416057153,-0.23891370720677207,0.36283185840707965,4.035398230088496,113,113,True
pct_3m,nhs_pct_3m,T_roll_p50,P1_long_cash,9,countercyclical,0.626691030060137,0.626691030060137,0.747738042586062,0.4982432175033006,0.06470377322588394,0.10969229295885065,-0.12986383146390812,0.35398230088495575,4.035398230088496,113,113,True
pct_3m,nhs_pct_3m,T_roll_p50,P1_long_cash,12,countercyclical,1.0125147514054849,1.0125147514054849,1.1410942367155088,0.5704819446537256,0.11398992015501652,0.11328865380486114,-0.19981337047258663,0.3805309734513274,3.929203539823009,113,113,True
mom,nhs_mom,T0_zero,P1_long_cash,0,procyclical,0.8251139141285548,0.8251139141285548,1.126523227795147,0.8963398762605884,0.07746971615284393,0.09622977612512924,-0.08642895201319989,0.36283185840707965,7.221238938053098,113,113,True
mom,nhs_mom,T0_zero,P1_long_cash,1,procyclical,0.5872805627388082,0.5872805627388082,0.5727346521574052,0.3064018693120672,0.06597908224235094,0.12162212910685131,-0.2153351165594617,0.37168141592920356,7.221238938053098,113,113,True
mom,nhs_mom,T0_zero,P1_long_cash,2,procyclical,1.447312063021844,1.447312063021844,2.6053373169850795,1.2736278763404723,0.1663206580842509,0.11109498910587197,-0.1305881106828014,0.415929203539823,7.221238938053098,113,113,True
mom,nhs_mom,T0_zero,P1_long_cash,3,procyclical,0.9291654136896025,0.9291654136896025,1.195212610763632,0.9097512403513861,0.08938945315207114,0.0974841300918962,-0.09825702806136871,0.36283185840707965,7.221238938053098,113,113,True
mom,nhs_mom,T0_zero,P1_long_cash,6,procyclical,0.6481706800805221,0.6481706800805221,0.6998437275274357,0.34771558459634827,0.07301991046420553,0.12000097308150207,-0.2099989580535252,0.37168141592920356,7.327433628318585,113,113,True
mom,nhs_mom,T0_zero,P1_long_cash,9,procyclical,0.45289694117263457,0.45289694117263457,0.38993259444757145,0.1438736925164301,0.04667322322775869,0.11572976754822228,-0.3244041520824156,0.34513274336283184,7.433628318584072,113,113,True
mom,nhs_mom,T0_zero,P1_long_cash,12,procyclical,0.539766948619185,0.539766948619185,0.49869831185049285,0.2740659396428621,0.05572892762310544,0.11235393990168847,-0.2033413115680348,0.35398230088495575,7.221238938053098,113,113,True
mom,nhs_mom,T0_zero,P1_long_cash,0,countercyclical,0.6114463159209027,0.6114463159209027,0.5610688730854148,0.318575944915085,0.07282446739320658,0.12872053168868353,-0.22859374210635275,0.34513274336283184,7.433628318584072,113,113,True
mom,nhs_mom,T0_zero,P1_long_cash,1,countercyclical,0.827819763845576,0.827819763845576,0.9444132898806826,0.6451684685868683,0.08468751385033957,0.10504820181116618,-0.1312641859820477,0.336283185840708,7.433628318584072,113,113,True
mom,nhs_mom,T0_zero,P1_long_cash,2,countercyclical,-0.008107920294695365,-0.008107920294695365,-0.05946386564149293,-0.02105403625038506,-0.007188185204456743,0.11164239560952782,-0.34141601728862214,0.2920353982300885,7.433628318584072,113,113,True
mom,nhs_mom,T0_zero,P1_long_cash,3,countercyclical,0.5362092987591368,0.5362092987591368,0.5374027403103832,0.2270650095731195,0.06214236741902912,0.12783543243929316,-0.2736765454785671,0.34513274336283184,7.433628318584072,113,113,True
mom,nhs_mom,T0_zero,P1_long_cash,6,countercyclical,0.5647522712855555,0.5647522712855555,0.4789606321837501,0.3785916647600478,0.05995037853658913,0.11509137718418845,-0.15835102596510098,0.3274336283185841,7.539823008849558,113,113,True
mom,nhs_mom,T0_zero,P1_long_cash,9,countercyclical,0.9508513094347105,0.9508513094347105,1.2418459473821397,0.7978671895332549,0.10419196885694437,0.11096321572774764,-0.1305881106828014,0.36283185840707965,7.646017699115045,113,113,True
mom,nhs_mom,T0_zero,P1_long_cash,12,countercyclical,0.7910840727539706,0.7910840727539706,0.9179929805108247,0.38828907117013506,0.0882595452514352,0.11556119381545289,-0.22730370696620217,0.34513274336283184,7.433628318584072,113,113,True
mom,nhs_mom,T_roll_p25,P1_long_cash,0,procyclical,1.1902310214438896,1.1902310214438896,2.054525370345874,1.5231626063285475,0.1376627366872072,0.11432524064566549,-0.09037954064473219,0.5221238938053098,5.52212389380531,113,113,True
mom,nhs_mom,T_roll_p25,P1_long_cash,1,procyclical,0.5917732917598839,0.5917732917598839,0.6766325226234556,0.2999693338643367,0.07262547887147042,0.13396695855912658,-0.2421096781323514,0.504424778761062,5.52212389380531,113,113,True
mom,nhs_mom,T_roll_p25,P1_long_cash,2,procyclical,1.1000506268973118,1.1000506268973118,1.3895678802303182,0.7969017338598241,0.15497881890137344,0.14065010618358662,-0.19447669934249934,0.5486725663716814,5.52212389380531,113,113,True
mom,nhs_mom,T_roll_p25,P1_long_cash,3,procyclical,0.8252319846762235,0.8252319846762235,1.0000857857624854,0.5445180544799239,0.10589607396765488,0.13315488995590988,-0.19447669934249945,0.5132743362831859,5.52212389380531,113,113,True
mom,nhs_mom,T_roll_p25,P1_long_cash,6,procyclical,1.0621496054160473,1.0621496054160473,1.4404880469766086,0.7310176416974975,0.14192820409332252,0.1339600645605418,-0.19415154436458026,0.5398230088495575,5.52212389380531,113,113,True
mom,nhs_mom,T_roll_p25,P1_long_cash,9,procyclical,0.7761925894027221,0.7761925894027221,0.90207510167759,0.3467124433212947,0.09841372782140989,0.13271561714442723,-0.2838482717224283,0.504424778761062,5.52212389380531,113,113,True
mom,nhs_mom,T_roll_p25,P1_long_cash,12,procyclical,0.6215790545346974,0.6215790545346974,0.7429885822672698,0.4143139090427085,0.08057440152231443,0.1409084380821941,-0.19447669934249934,0.48672566371681414,5.52212389380531,113,113,True
mom,nhs_mom,T_roll_p25,P1_long_cash,0,countercyclical,0.18092411588957,0.18092411588957,0.10902648147103938,0.04757761287869626,0.013984768937798098,0.11035810349993128,-0.2939359100140989,0.17699115044247787,5.52212389380531,113,113,True
mom,nhs_mom,T_roll_p25,P1_long_cash,1,countercyclical,0.8653662575220574,0.8653662575220574,0.768254380635898,0.5497581921514112,0.07546642319425101,0.08870443183640397,-0.1372720302701128,0.19469026548672566,5.52212389380531,113,113,True
mom,nhs_mom,T_roll_p25,P1_long_cash,2,countercyclical,0.01855271086924334,0.01855271086924334,-0.012853679476495282,-0.006987159553462032,-0.0012174523804602266,0.07102211565427237,-0.17424138824152047,0.1504424778761062,5.52212389380531,113,113,True
mom,nhs_mom,T_roll_p25,P1_long_cash,3,countercyclical,0.5188077778547145,0.5188077778547145,0.4156172483530299,0.18508525856368116,0.04311129620906917,0.08896592942511636,-0.2329266876445275,0.18584070796460178,5.52212389380531,113,113,True
mom,nhs_mom,T_roll_p25,P1_long_cash,6,countercyclical,0.16236525224628362,0.16236525224628362,0.08547379431261733,0.04532935183780802,0.010197211220335678,0.08471184784126592,-0.22495824023299738,0.1592920353982301,5.52212389380531,113,113,True
mom,nhs_mom,T_roll_p25,P1_long_cash,9,countercyclical,0.5892830200670053,0.5892830200670053,0.5375139386444044,0.46572713589111564,0.05021692461629468,0.0899856434450476,-0.10782477709874116,0.19469026548672566,5.52212389380531,113,113,True
mom,nhs_mom,T_roll_p25,P1_long_cash,12,countercyclical,0.887794481055445,0.887794481055445,0.728689448341498,0.7672493679293556,0.06755507585943765,0.07710585951943683,-0.08804839558454713,0.21238938053097345,5.52212389380531,113,113,True
mom,nhs_mom,T_roll_p50,P1_long_cash,0,procyclical,0.883863705856313,0.883863705856313,1.1961319612263874,0.9681529927044272,0.0836764485478867,0.09639216745253416,-0.08642895201319978,0.36283185840707965,7.115044247787611,113,113,True
mom,nhs_mom,T_roll_p50,P1_long_cash,1,procyclical,0.6534654525266717,0.6534654525266717,0.6206698481675581,0.3399603165226049,0.07320539438398654,0.11925299480609314,-0.21533511655946147,0.37168141592920356,7.221238938053098,113,113,True
mom,nhs_mom,T_roll_p50,P1_long_cash,2,procyclical,1.450453964746082,1.450453964746082,2.610797735173237,1.2762972200663607,0.1666692426381775,0.11106066561313806,-0.1305881106828013,0.415929203539823,7.221238938053098,113,113,True
mom,nhs_mom,T_roll_p50,P1_long_cash,3,procyclical,1.0229443323067693,1.0229443323067693,1.639060310127108,0.9808571171155306,0.0963761052806138,0.09454625408754119,-0.0982570280613686,0.36283185840707965,7.221238938053098,113,113,True
mom,nhs_mom,T_roll_p50,P1_long_cash,6,procyclical,0.8553666266626903,0.8553666266626903,1.1866913045338199,0.9557072477197156,0.09405746497564449,0.1127149394094365,-0.09841660738689839,0.3805309734513274,7.327433628318585,113,113,True
mom,nhs_mom,T_roll_p50,P1_long_cash,9,procyclical,0.36568867235088826,0.36568867235088826,0.30977085590405595,0.11125806403249794,0.03609257792479359,0.1153531779045752,-0.3244041520824156,0.336283185840708,7.433628318584072,113,113,True
mom,nhs_mom,T_roll_p50,P1_long_cash,12,procyclical,0.5069874244572099,0.5069874244572099,0.4586493335547014,0.24374690719440073,0.05327010547598521,0.11580048349977551,-0.21854679548200195,0.35398230088495575,7.221238938053098,113,113,True
mom,nhs_mom,T_roll_p50,P1_long_cash,0,countercyclical,0.5512435058076491,0.5512435058076491,0.502061230200585,0.282156353073696,0.06449917660819748,0.12851371702523826,-0.22859374210635275,0.336283185840708,7.115044247787611,113,113,True
mom,nhs_mom,T_roll_p50,P1_long_cash,1,countercyclical,0.7254219153325684,0.7254219153325684,0.8205761774443455,0.5704928983915291,0.07488528591590304,0.10767827162424333,-0.1312641859820476,0.3274336283185841,7.221238938053098,113,113,True
mom,nhs_mom,T_roll_p50,P1_long_cash,2,countercyclical,-0.04548175272445843,-0.04548175272445843,-0.09286310863229343,-0.03287951824819616,-0.011225594170667708,0.11100039479605261,-0.34141601728862214,0.2831858407079646,7.221238938053098,113,113,True
mom,nhs_mom,T_roll_p50,P1_long_cash,3,countercyclical,0.457450557900717,0.457450557900717,0.44046033673233437,0.21903885594163494,0.05216876000199577,0.12968469372961858,-0.23817125860033095,0.336283185840708,7.221238938053098,113,113,True
mom,nhs_mom,T_roll_p50,P1_long_cash,6,countercyclical,0.5218762527901726,0.5218762527901726,0.43460609677358003,0.32946168014288013,0.05439862540913354,0.11425561604221598,-0.1651136647683642,0.3185840707964602,7.327433628318585,113,113,True
mom,nhs_mom,T_roll_p50,P1_long_cash,9,countercyclical,1.0268779532392878,1.0268779532392878,1.3087211039681643,1.2872067008355312,0.11338765643841442,0.11087640884580598,-0.08808814960706313,0.36283185840707965,7.433628318584072,113,113,True
mom,nhs_mom,T_roll_p50,P1_long_cash,12,countercyclical,0.8760542440922688,0.8760542440922688,1.0434151708904364,0.48814126491279924,0.09522968628033723,0.11110099863494485,-0.19508632669550874,0.34513274336283184,7.221238938053098,113,113,True
zscore_60m,nhs_zscore_60m,T_z_0,P1_long_cash,0,procyclical,0.8154398349703368,0.8154398349703368,0.7287138320499777,0.42260045049132106,0.08218594075220542,0.10376869008343323,-0.19447669934249934,0.4336283185840708,1.8053097345132745,113,113,True
zscore_60m,nhs_zscore_60m,T_z_0,P1_long_cash,1,procyclical,0.83820071000953,0.83820071000953,0.7870322042864559,0.47837680239706437,0.0930331415722001,0.11424735948526674,-0.19447669934249934,0.4424778761061947,1.8053097345132745,113,113,True
zscore_60m,nhs_zscore_60m,T_z_0,P1_long_cash,2,procyclical,0.5499264803600799,0.5499264803600799,0.522628661395491,0.3103153680229192,0.06034910852835029,0.11980667775152228,-0.19447669934249934,0.415929203539823,1.8053097345132745,113,113,True
zscore_60m,nhs_zscore_60m,T_z_0,P1_long_cash,3,procyclical,0.5919853538195449,0.5919853538195449,0.5701449031594432,0.33859237710461787,0.06584832792183692,0.12012727529871367,-0.19447669934249934,0.415929203539823,1.8053097345132745,113,113,True
zscore_60m,nhs_zscore_60m,T_z_0,P1_long_cash,6,procyclical,0.8894721396280283,0.8894721396280283,0.9666310394286711,0.5795930296077167,0.11271733936002826,0.1299907822994565,-0.19447669934249934,0.4690265486725664,1.6991150442477878,113,113,True
zscore_60m,nhs_zscore_60m,T_z_0,P1_long_cash,9,procyclical,0.5449439539680235,0.5449439539680235,0.5769330955225749,0.21670227177735252,0.06609135637770991,0.13424179916927223,-0.3049869105461639,0.4336283185840708,1.592920353982301,113,113,True
zscore_60m,nhs_zscore_60m,T_z_0,P1_long_cash,12,procyclical,0.5741304060341433,0.5741304060341433,0.6133455586939435,0.3357067280252967,0.07085703432372514,0.1355212241479276,-0.211068258120778,0.46017699115044247,1.592920353982301,113,113,True
zscore_60m,nhs_zscore_60m,T_z_0,P1_long_cash,0,countercyclical,0.5823762738883633,0.5823762738883633,0.6546125622303751,0.32580324864179283,0.06596532420953105,0.12264024127200612,-0.20246981724254443,0.26548672566371684,1.8053097345132745,113,113,True
zscore_60m,nhs_zscore_60m,T_z_0,P1_long_cash,1,countercyclical,0.5346569582780811,0.5346569582780811,0.5850319811573459,0.22537980497617413,0.055386742921300636,0.11274083594525654,-0.24574847301494385,0.25663716814159293,1.8053097345132745,113,113,True
zscore_60m,nhs_zscore_60m,T_z_0,P1_long_cash,2,countercyclical,0.8429943355023967,0.8429943355023967,0.9732150371488523,0.6790293234833611,0.0879178167933341,0.1069461820099008,-0.12947572918106598,0.2831858407079646,1.8053097345132745,113,113,True
zscore_60m,nhs_zscore_60m,T_z_0,P1_long_cash,3,countercyclical,0.7962006124466934,0.7962006124466934,0.9066465138518411,0.4563592519920932,0.08230473039079289,0.1066644528511747,-0.1803507434800925,0.2831858407079646,1.8053097345132745,113,113,True
zscore_60m,nhs_zscore_60m,T_z_0,P1_long_cash,6,countercyclical,0.4337987136502697,0.4337987136502697,0.4071729079148003,0.16953672778616125,0.036716735134540324,0.09316927349454741,-0.21657097912643208,0.23008849557522124,1.6991150442477878,113,113,True
zscore_60m,nhs_zscore_60m,T_z_0,P1_long_cash,9,countercyclical,0.939034086908398,0.939034086908398,1.2932810164416086,0.9855812095870393,0.08205800589965295,0.0882669059472433,-0.08325849265534946,0.26548672566371684,1.592920353982301,113,113,True
zscore_60m,nhs_zscore_60m,T_z_0,P1_long_cash,12,countercyclical,0.9063909931458022,0.9063909931458022,1.3040719612094713,0.927742952794001,0.07724247982125165,0.08631267896834144,-0.08325849265534957,0.23893805309734514,1.592920353982301,113,113,True
zscore_60m,nhs_zscore_60m,T_z_-0.5,P1_long_cash,0,procyclical,1.1058147195358836,1.1058147195358836,1.4018455344370506,0.7486865378441051,0.14560208672208486,0.13134008676071957,-0.19447669934249945,0.5929203539823009,2.2300884955752216,113,113,True
zscore_60m,nhs_zscore_60m,T_z_-0.5,P1_long_cash,1,procyclical,1.065067063726106,1.065067063726106,1.3277041840602462,0.7407159406216925,0.14405199128248158,0.13561146508541713,-0.19447669934249945,0.584070796460177,2.2300884955752216,113,113,True
zscore_60m,nhs_zscore_60m,T_z_-0.5,P1_long_cash,2,procyclical,1.0356085190964992,1.0356085190964992,1.24560874947026,0.7078993306796609,0.137669925297345,0.13380836948065544,-0.19447669934249945,0.5929203539823009,2.1238938053097347,113,113,True
zscore_60m,nhs_zscore_60m,T_z_-0.5,P1_long_cash,3,procyclical,0.5674209597351789,0.5674209597351789,0.6552864049176794,0.30006659076711933,0.06911171156768003,0.13383846427997556,-0.2303212476637141,0.5398230088495575,2.1238938053097347,113,113,True
zscore_60m,nhs_zscore_60m,T_z_-0.5,P1_long_cash,6,procyclical,0.7827708610879753,0.7827708610879753,1.018061495157945,0.46110567136905256,0.11032956350779188,0.14822396894112538,-0.23927175560477554,0.5752212389380531,1.9115044247787611,113,113,True
zscore_60m,nhs_zscore_60m,T_z_-0.5,P1_long_cash,9,procyclical,0.723084596853291,0.723084596853291,0.9158864700759585,0.4195701315157154,0.1003912819670918,0.14785035472802485,-0.23927175560477554,0.5575221238938053,1.9115044247787611,113,113,True
zscore_60m,nhs_zscore_60m,T_z_-0.5,P1_long_cash,12,procyclical,0.8085431873762988,0.8085431873762988,1.0080570704182532,0.470102934811982,0.11248235452742028,0.14546298068313138,-0.23927175560477554,0.5929203539823009,1.592920353982301,113,113,True
zscore_60m,nhs_zscore_60m,T_z_-0.5,P1_long_cash,0,countercyclical,0.12226329162722707,0.12226329162722707,0.06299252603012105,0.034363465353142,0.006957564549871176,0.08835104068108032,-0.20246981724254465,0.10619469026548672,2.2300884955752216,113,113,True
zscore_60m,nhs_zscore_60m,T_z_-0.5,P1_long_cash,1,countercyclical,0.14194546885480186,0.14194546885480186,0.0849708524980639,0.06427388730682325,0.008321908426352609,0.0817538271914376,-0.1294757291810661,0.11504424778761062,2.2300884955752216,113,113,True
zscore_60m,nhs_zscore_60m,T_z_-0.5,P1_long_cash,2,countercyclical,0.20450858060903174,0.20450858060903174,0.14943791720603833,0.10796125225261527,0.013978361858708377,0.08540865544559686,-0.1294757291810661,0.10619469026548672,2.1238938053097347,113,113,True
zscore_60m,nhs_zscore_60m,T_z_-0.5,P1_long_cash,3,countercyclical,0.9010247670579978,0.9010247670579978,0.7902982357089992,0.6101612753222729,0.07900107604040052,0.08889560346691523,-0.1294757291810661,0.1592920353982301,2.1238938053097347,113,113,True
zscore_60m,nhs_zscore_60m,T_z_-0.5,P1_long_cash,6,countercyclical,0.6666620278443093,0.6666620278443093,0.5425414132012193,0.6190232823342473,0.038946205795434174,0.06002214733146085,-0.06291557507913703,0.12389380530973451,1.9115044247787611,113,113,True
zscore_60m,nhs_zscore_60m,T_z_-0.5,P1_long_cash,9,countercyclical,0.7953645263044097,0.7953645263044097,0.8494634872374435,0.7681649673495015,0.048329540676440574,0.0617724005653599,-0.06291557507913725,0.1415929203539823,1.9115044247787611,113,113,True
zscore_60m,nhs_zscore_60m,T_z_-0.5,P1_long_cash,12,countercyclical,0.5797797145795721,0.5797797145795721,0.7199726995995417,0.4436270120358208,0.03693571632329906,0.0662782557657313,-0.08325849265534957,0.10619469026548672,1.592920353982301,113,113,True
zscore_60m,nhs_zscore_60m,T_roll_p25,P1_long_cash,0,procyclical,1.0419319230515138,1.0419319230515138,1.5172463038566515,1.2019788900947097,0.1011574586787003,0.09729014645407517,-0.08415909756179629,0.415929203539823,3.929203539823009,113,113,True
zscore_60m,nhs_zscore_60m,T_roll_p25,P1_long_cash,1,procyclical,1.0941739142022064,1.0941739142022064,1.0954176895847478,0.9116713627840225,0.11416344103913678,0.10412296985382563,-0.1252243359827706,0.415929203539823,3.929203539823009,113,113,True
zscore_60m,nhs_zscore_60m,T_roll_p25,P1_long_cash,2,procyclical,1.2994244541212172,1.2994244541212172,1.7382183228511032,1.737970862549701,0.13823369409434116,0.10423095561294882,-0.07953740599053805,0.4336283185840708,3.8230088495575223,113,113,True
zscore_60m,nhs_zscore_60m,T_roll_p25,P1_long_cash,3,procyclical,0.5352953264784697,0.5352953264784697,0.4779782355211328,0.26706248253505477,0.05193743012163132,0.10512941126127077,-0.19447669934249934,0.3805309734513274,3.8230088495575223,113,113,True
zscore_60m,nhs_zscore_60m,T_roll_p25,P1_long_cash,6,procyclical,0.7754975733201788,0.7754975733201788,0.7825478625151813,0.34800880346451607,0.09234538036499296,0.12412527324967244,-0.26535357567300377,0.4336283185840708,3.610619469026549,113,113,True
zscore_60m,nhs_zscore_60m,T_roll_p25,P1_long_cash,9,procyclical,1.0293950252772628,1.0293950252772628,0.9710699719178344,0.9460989744596097,0.11847461585068486,0.11573449968433508,-0.1252243359827706,0.4424778761061947,3.610619469026549,113,113,True
zscore_60m,nhs_zscore_60m,T_roll_p25,P1_long_cash,12,procyclical,0.7279948980084906,0.7279948980084906,0.7599880273066351,0.3345039321361235,0.08520499109263824,0.12297932748105857,-0.25472044692725704,0.4336283185840708,3.504424778761062,113,113,True
zscore_60m,nhs_zscore_60m,T_roll_p25,P1_long_cash,0,countercyclical,0.42875163298373775,0.42875163298373775,0.3773487766104525,0.21290719182641918,0.04760012121528434,0.12751014028370886,-0.22357216215642062,0.2831858407079646,3.929203539823009,113,113,True
zscore_60m,nhs_zscore_60m,T_roll_p25,P1_long_cash,1,countercyclical,0.3466507880450797,0.3466507880450797,0.3639355109728937,0.1746984021076512,0.03537115354730069,0.12148033186841795,-0.20246981724254454,0.2831858407079646,3.929203539823009,113,113,True
zscore_60m,nhs_zscore_60m,T_roll_p25,P1_long_cash,2,countercyclical,0.17167929808994464,0.17167929808994464,0.11924958364857367,0.05510976267343818,0.013476136907706326,0.1199890603397181,-0.24453266089279602,0.26548672566371684,3.8230088495575223,113,113,True
zscore_60m,nhs_zscore_60m,T_roll_p25,P1_long_cash,3,countercyclical,0.8232875577905487,0.8232875577905487,1.0336247570479808,0.492214117874231,0.09661720759906589,0.12117832559212965,-0.19629101257057646,0.3185840707964602,3.8230088495575223,113,113,True
zscore_60m,nhs_zscore_60m,T_roll_p25,P1_long_cash,6,countercyclical,0.5875342172699182,0.5875342172699182,0.6136436128790649,0.23275586183655703,0.05605123427488601,0.10174903913246408,-0.24081556456887698,0.26548672566371684,3.610619469026549,113,113,True
zscore_60m,nhs_zscore_60m,T_roll_p25,P1_long_cash,9,countercyclical,0.3349715631331739,0.3349715631331739,0.35079682950164665,0.1464100078345555,0.03138030210148446,0.11016867128749248,-0.21433167421823007,0.25663716814159293,3.610619469026549,113,113,True
zscore_60m,nhs_zscore_60m,T_roll_p25,P1_long_cash,12,countercyclical,0.6439038567334953,0.6439038567334953,0.6543916928754385,0.27874721786546763,0.06299979880063633,0.1032942520769619,-0.22601050257313082,0.26548672566371684,3.504424778761062,113,113,True
chg_6m,nhs_6m_chg,T_roll_p25,P1_long_cash,0,procyclical,1.0164407137675044,1.0164407137675044,1.4921533338063622,0.9237522759361146,0.11996200987656924,0.11881475876629616,-0.12986383146390823,0.49557522123893805,2.1238938053097347,113,113,True
chg_6m,nhs_6m_chg,T_roll_p25,P1_long_cash,1,procyclical,0.8885357144488323,0.8885357144488323,1.123752530163112,0.5660452853848756,0.10989856633776318,0.12685114086259483,-0.19415154436458026,0.5221238938053098,2.2300884955752216,113,113,True
chg_6m,nhs_6m_chg,T_roll_p25,P1_long_cash,2,procyclical,0.8878708006714575,0.8878708006714575,1.124218707495353,0.447202920594259,0.11341566610261733,0.13109019222501206,-0.2536111927710727,0.504424778761062,2.1238938053097347,113,113,True
chg_6m,nhs_6m_chg,T_roll_p25,P1_long_cash,3,procyclical,0.8916962047246867,0.8916962047246867,1.2558394985194588,0.6758314934088508,0.10887817294206803,0.12499248322780854,-0.16110254405708957,0.504424778761062,2.1238938053097347,113,113,True
chg_6m,nhs_6m_chg,T_roll_p25,P1_long_cash,6,procyclical,0.969183558410336,0.969183558410336,1.1325422268462242,0.6823818878047312,0.13270737723136783,0.13911970026259732,-0.19447669934249934,0.5398230088495575,1.9115044247787611,113,113,True
chg_6m,nhs_6m_chg,T_roll_p25,P1_long_cash,9,procyclical,0.9991839333487155,0.9991839333487155,1.2253542300023872,0.6974795596162092,0.13564352261302037,0.13731649649406116,-0.19447669934249934,0.5398230088495575,1.9115044247787611,113,113,True
chg_6m,nhs_6m_chg,T_roll_p25,P1_long_cash,12,procyclical,1.0105082702460249,1.0105082702460249,1.2667718554096075,0.6765485563351242,0.1313529470500916,0.1311550441680887,-0.19415154436458026,0.5398230088495575,1.9115044247787611,113,113,True
chg_6m,nhs_6m_chg,T_roll_p25,P1_long_cash,0,countercyclical,0.35043109504903597,0.35043109504903597,0.24999387145143442,0.20280601636848333,0.03223840137975231,0.10688111075591698,-0.1589617603906659,0.21238938053097345,2.1238938053097347,113,113,True
chg_6m,nhs_6m_chg,T_roll_p25,P1_long_cash,1,countercyclical,0.4472233802546577,0.4472233802546577,0.3235639772007558,0.29316349505895384,0.039671271420828935,0.09757532953277408,-0.13532132100161798,0.18584070796460178,2.2300884955752216,113,113,True
chg_6m,nhs_6m_chg,T_roll_p25,P1_long_cash,2,countercyclical,0.4556107869326578,0.4556107869326578,0.3889454503326349,0.2827622158359348,0.03826375657626335,0.0917197735561083,-0.1353213210016181,0.20353982300884957,2.1238938053097347,113,113,True
chg_6m,nhs_6m_chg,T_roll_p25,P1_long_cash,3,countercyclical,0.4883139974471731,0.4883139974471731,0.3564818639483575,0.25570934540456947,0.04484844832189161,0.1003192334787488,-0.17538838187917938,0.21238938053097345,2.2300884955752216,113,113,True
chg_6m,nhs_6m_chg,T_roll_p25,P1_long_cash,6,countercyclical,0.35756613523977476,0.35756613523977476,0.3324337043073413,0.18927320502518177,0.025442785710669158,0.0789965962912607,-0.13442360056873415,0.17699115044247787,2.1238938053097347,113,113,True
chg_6m,nhs_6m_chg,T_roll_p25,P1_long_cash,9,countercyclical,0.2693795543841638,0.2693795543841638,0.194081543376359,0.09279751921727833,0.018542185086299012,0.08006186673457812,-0.19981337047258663,0.17699115044247787,2.1238938053097347,113,113,True
chg_6m,nhs_6m_chg,T_roll_p25,P1_long_cash,12,countercyclical,0.3288246991736523,0.3288246991736523,0.24262317028064845,0.1091701811119857,0.026121340894356138,0.09106126774972076,-0.23927175560477565,0.17699115044247787,2.1238938053097347,113,113,True
chg_6m,nhs_6m_chg,T_roll_p50,P1_long_cash,0,procyclical,0.9827676522708323,0.9827676522708323,1.594197898609124,0.6574441089738098,0.08788661442589318,0.09002325223231329,-0.13367921809060468,0.34513274336283184,3.185840707964602,113,113,True
chg_6m,nhs_6m_chg,T_roll_p50,P1_long_cash,1,procyclical,0.8615640668047716,0.8615640668047716,1.2420470542263384,0.9646811977687573,0.0803179024191838,0.09508525699135327,-0.08325849265534946,0.35398230088495575,3.185840707964602,113,113,True
chg_6m,nhs_6m_chg,T_roll_p50,P1_long_cash,2,procyclical,0.5600414445453068,0.5600414445453068,0.5053603574472263,0.3356536271252788,0.05383397820816782,0.10329740764804227,-0.16038551011419555,0.3274336283185841,3.185840707964602,113,113,True
chg_6m,nhs_6m_chg,T_roll_p50,P1_long_cash,3,procyclical,0.5458519015761862,0.5458519015761862,0.6024225453466492,0.4189046279932522,0.053816083494158784,0.10636983000725575,-0.12846858186304322,0.3274336283185841,3.185840707964602,113,113,True
chg_6m,nhs_6m_chg,T_roll_p50,P1_long_cash,6,procyclical,0.9976144712608481,0.9976144712608481,1.2700546385915377,1.347204781506989,0.11216623940635162,0.11329706397024089,-0.08325849265534968,0.36283185840707965,3.185840707964602,113,113,True
chg_6m,nhs_6m_chg,T_roll_p50,P1_long_cash,9,procyclical,0.7876060963481322,0.7876060963481322,0.7879147071672503,0.6747564475933499,0.09130893384269112,0.12048068761589274,-0.13532132100161798,0.34513274336283184,3.3982300884955756,113,113,True
chg_6m,nhs_6m_chg,T_roll_p50,P1_long_cash,12,procyclical,0.8409657525168615,0.8409657525168615,0.798267375608973,0.4723097750379353,0.09169967224210263,0.11206800207203373,-0.19415154436458026,0.37168141592920356,3.3982300884955756,113,113,True
chg_6m,nhs_6m_chg,T_roll_p50,P1_long_cash,0,countercyclical,0.5508382403782816,0.5508382403782816,0.551613643632443,0.25658089508571635,0.06692214031172217,0.13416044195146243,-0.26082277205154103,0.36283185840707965,3.185840707964602,113,113,True
chg_6m,nhs_6m_chg,T_roll_p50,P1_long_cash,1,countercyclical,0.5510466806575459,0.5510466806575459,0.5159512035025526,0.3114279604155175,0.06505043771845265,0.1298670148654258,-0.2088779621189446,0.34513274336283184,3.185840707964602,113,113,True
chg_6m,nhs_6m_chg,T_roll_p50,P1_long_cash,2,countercyclical,0.8220798332914134,0.8220798332914134,1.011162215093221,0.7221975770364543,0.09772873014874084,0.12290904915888243,-0.1353213210016181,0.3805309734513274,3.185840707964602,113,113,True
chg_6m,nhs_6m_chg,T_roll_p50,P1_long_cash,3,countercyclical,0.8031940784874335,0.8031940784874335,0.7777714896057317,0.5363955119208207,0.09317808296899788,0.12030666716327176,-0.17371152610007712,0.37168141592920356,3.185840707964602,113,113,True
chg_6m,nhs_6m_chg,T_roll_p50,P1_long_cash,6,countercyclical,0.4333771542506521,0.4333771542506521,0.37636283321862946,0.20905755904028087,0.04396569020461927,0.11465050706459447,-0.2103042358595033,0.34513274336283184,3.185840707964602,113,113,True
chg_6m,nhs_6m_chg,T_roll_p50,P1_long_cash,9,countercyclical,0.5964032935462901,0.5964032935462901,0.6312843376084444,0.2969607454244551,0.05933672744131213,0.10618255656325906,-0.19981337047258663,0.36283185840707965,3.3982300884955756,113,113,True
chg_6m,nhs_6m_chg,T_roll_p50,P1_long_cash,12,countercyclical,0.5383536773663291,0.5383536773663291,0.5753525365687414,0.23724202577836095,0.05676531601122181,0.11494159275421041,-0.23927175560477543,0.336283185840708,3.3982300884955756,113,113,True
chg_6m,nhs_6m_chg,T_roll_p75,P1_long_cash,0,procyclical,0.7791728304956219,0.7791728304956219,0.8634898721610766,0.6372358026279633,0.05142594798445299,0.06727817529652859,-0.08070159864271931,0.1504424778761062,2.5486725663716814,113,113,True
chg_6m,nhs_6m_chg,T_roll_p75,P1_long_cash,1,procyclical,0.6349669682784977,0.6349669682784977,0.7764403711586781,0.534223154513139,0.04311266260116664,0.07035848898857149,-0.08070159864271909,0.1504424778761062,2.5486725663716814,113,113,True
chg_6m,nhs_6m_chg,T_roll_p75,P1_long_cash,2,procyclical,0.35139978095888175,0.35139978095888175,0.2531819407538443,0.1747047617559121,0.024236964452354348,0.07631453346019336,-0.13873098940609818,0.11504424778761062,2.5486725663716814,113,113,True
chg_6m,nhs_6m_chg,T_roll_p75,P1_long_cash,3,procyclical,0.15433096511728006,0.15433096511728006,0.0926763813815821,0.06312663658213744,0.008569131063856705,0.0717565484607613,-0.1357450915780528,0.12389380530973451,2.5486725663716814,113,113,True
chg_6m,nhs_6m_chg,T_roll_p75,P1_long_cash,6,procyclical,0.6802625348191382,0.6802625348191382,0.5413140184170837,0.5942171797418487,0.04899930885885184,0.0743924240172747,-0.08246026962757802,0.1592920353982301,2.5486725663716814,113,113,True
chg_6m,nhs_6m_chg,T_roll_p75,P1_long_cash,9,procyclical,0.4854404061797841,0.4854404061797841,0.2027983283886115,0.2706617609275925,0.03504412885753139,0.07727683860903467,-0.12947572918106598,0.1592920353982301,2.442477876106195,113,113,True
chg_6m,nhs_6m_chg,T_roll_p75,P1_long_cash,12,procyclical,0.4874233478659187,0.4874233478659187,0.30422318517628494,0.2998506727799576,0.03990148055985987,0.0882262669183589,-0.13307117236032073,0.1592920353982301,2.5486725663716814,113,113,True
chg_6m,nhs_6m_chg,T_roll_p75,P1_long_cash,0,countercyclical,0.6673535999489566,0.6673535999489566,0.8435329589107124,0.4096831183401498,0.09085583924397,0.14687522373878695,-0.22177101075601224,0.5486725663716814,2.761061946902655,113,113,True
chg_6m,nhs_6m_chg,T_roll_p75,P1_long_cash,1,countercyclical,0.7499027204280855,0.7499027204280855,0.9201033162816182,0.4408636703019299,0.10238154899154583,0.14432542239378418,-0.23222949834226259,0.5486725663716814,2.761061946902655,113,113,True
chg_6m,nhs_6m_chg,T_roll_p75,P1_long_cash,2,countercyclical,0.9511845896413169,0.9511845896413169,1.2145994883787001,0.6731719821214296,0.13069737995184116,0.14005154512174914,-0.19415154436458026,0.5929203539823009,2.761061946902655,113,113,True
chg_6m,nhs_6m_chg,T_roll_p75,P1_long_cash,3,countercyclical,0.936965244402374,0.936965244402374,1.17847182713343,0.5387881988249408,0.13266801177200138,0.14477060679567622,-0.2462340713128851,0.5752212389380531,2.761061946902655,113,113,True
chg_6m,nhs_6m_chg,T_roll_p75,P1_long_cash,6,countercyclical,0.797277714177703,0.797277714177703,1.0135511317936272,0.5657454857445648,0.11002431473552199,0.14450760912551655,-0.19447669934249934,0.5486725663716814,2.761061946902655,113,113,True
chg_6m,nhs_6m_chg,T_roll_p75,P1_long_cash,9,countercyclical,0.8969510457118087,0.8969510457118087,1.4109574979662445,0.6195901515832781,0.12380239649947566,0.14176648989521531,-0.19981337047258663,0.5486725663716814,2.6548672566371683,113,113,True
chg_6m,nhs_6m_chg,T_roll_p75,P1_long_cash,12,countercyclical,0.8893684376205243,0.8893684376205243,1.1778036736205355,0.4869676395546666,0.11651760203895867,0.13460636769753012,-0.23927175560477565,0.5486725663716814,2.761061946902655,113,113,True
BENCHMARK,spy,BUY_HOLD,BUY_HOLD,0,benchmark,0.9910079213382417,0.9910079213382417,1.4685727403600681,0.6418337459043403,0.15357268718892092,0.15745574469956783,-0.23927175560477554,0.6991150442477876,0.0,113,113,False
