date,granger_f_24m,p_value_24m
2020-07-22,34.544591,0.0
2020-07-23,34.485963,0.0
2020-07-24,34.374386,0.0
2020-07-27,34.435406,0.0
2020-07-28,34.398437,0.0
2020-07-29,34.37994,0.0
2020-07-30,34.364943,0.0
2020-07-31,34.844487,0.0
2020-08-03,34.740126,0.0
2020-08-04,34.791047,0.0
2020-08-05,34.828878,0.0
2020-08-06,34.821423,0.0
2020-08-07,34.821868,0.0
2020-08-10,34.831519,0.0
2020-08-11,34.780091,0.0
2020-08-12,34.844629,0.0
2020-08-13,34.859897,0.0
2020-08-14,34.850806,0.0
2020-08-17,34.862469,0.0
2020-08-18,34.891624,0.0
2020-08-19,34.859469,0.0
2020-08-20,34.831236,0.0
2020-08-21,34.832524,0.0
2020-08-24,34.808144,0.0
2020-08-25,34.779157,0.0
2020-08-26,34.772548,0.0
2020-08-27,34.756005,0.0
2020-08-28,34.751457,0.0
2020-08-31,34.746497,0.0
2020-09-01,34.816332,0.0
2020-09-02,34.700578,0.0
2020-09-03,34.409818,0.0
2020-09-04,34.103746,0.0
2020-09-07,34.056016,0.0
2020-09-08,33.617752,0.0
2020-09-09,33.82895,0.0
2020-09-10,33.845367,0.0
2020-09-11,33.83373,0.0
2020-09-14,33.824798,0.0
2020-09-15,33.809187,0.0
2020-09-16,33.823202,0.0
2020-09-17,33.731804,0.0
2020-09-18,33.507544,0.0
2020-09-21,33.335727,0.0
2020-09-22,33.396423,0.0
2020-09-23,33.251865,0.0
2020-09-24,33.273763,0.0
2020-09-25,33.206584,0.0
2020-09-28,33.02502,0.0
2020-09-29,33.07321,0.0
2020-09-30,33.084612,0.0
2020-10-01,33.069568,0.0
2020-10-02,33.44711,0.0
2020-10-05,33.740927,0.0
2020-10-06,33.641585,0.0
2020-10-07,33.748688,0.0
2020-10-08,33.404541,0.0
2020-10-09,34.303255,0.0
2020-10-12,34.447496,0.0
2020-10-13,34.441522,0.0
2020-10-14,34.243219,0.0
2020-10-15,34.139967,0.0
2020-10-16,34.145989,0.0
2020-10-19,34.191931,0.0
2020-10-20,34.199567,0.0
2020-10-21,34.201251,0.0
2020-10-22,34.735247,0.0
2020-10-23,35.557113,0.0
2020-10-26,35.174882,0.0
2020-10-27,35.244667,0.0
2020-10-28,34.325544,0.0
2020-11-03,34.785615,0.0
2020-11-04,34.6059,0.0
2020-11-05,34.321287,0.0
2020-11-06,34.333466,0.0
2020-11-09,34.354619,0.0
2020-11-10,35.097631,0.0
2020-11-11,34.904749,0.0
2020-11-17,35.233867,0.0
2020-11-18,35.032009,0.0
2020-11-19,35.077662,0.0
2020-11-20,35.145584,0.0
2020-11-23,35.125086,0.0
2020-11-24,34.988057,0.0
2020-11-25,34.968357,0.0
2020-11-26,34.98483,0.0
2020-11-27,35.232573,0.0
2020-11-30,35.2541,0.0
2020-12-01,35.359623,0.0
2020-12-02,35.612732,0.0
2020-12-03,35.608802,0.0
2020-12-04,35.781526,0.0
2020-12-07,35.761158,0.0
2020-12-08,35.761571,0.0
2020-12-09,35.887523,0.0
2020-12-10,36.263917,0.0
2020-12-11,36.297363,0.0
2020-12-14,36.247563,0.0
2020-12-15,36.283574,0.0
2020-12-16,36.439948,0.0
2020-12-17,36.427099,0.0
2020-12-18,36.624038,0.0
2020-12-21,36.561392,0.0
2020-12-22,36.553513,0.0
2020-12-23,36.619773,0.0
2020-12-24,36.856375,0.0
2020-12-25,36.906704,0.0
2020-12-28,36.905347,0.0
2020-12-29,37.311976,0.0
2020-12-30,37.322184,0.0
2020-12-31,37.305706,0.0
2021-01-05,37.219854,0.0
2021-01-06,37.285602,0.0
2021-01-07,37.524218,0.0
2021-01-08,37.481584,0.0
2021-01-11,37.46774,0.0
2021-01-12,37.664119,0.0
2021-01-13,38.069019,0.0
2021-01-14,38.712665,0.0
2021-01-15,39.662113,0.0
2021-01-18,39.727645,0.0
2021-01-19,40.621723,0.0
2021-01-20,41.020739,0.0
2021-01-21,41.051538,0.0
2021-01-22,40.532718,0.0
2021-01-25,37.092631,0.0
2021-02-16,33.514914,0.0
2021-02-17,33.588014,0.0
2021-02-18,33.533537,0.0
2021-02-19,33.507014,0.0
2021-02-22,33.462173,0.0
2021-02-23,33.467972,0.0
2021-02-24,33.688489,0.0
2021-02-25,33.556472,0.0
2021-02-26,33.559374,0.0
2021-03-01,33.566347,0.0
2021-03-12,33.588175,0.0
2021-03-17,33.63147,0.0
2021-03-22,33.924266,0.0
2021-03-23,33.934199,0.0
2021-03-24,33.841129,0.0
2021-03-25,33.748066,0.0
2021-03-30,33.777165,0.0
2021-03-31,33.82921,0.0
2021-04-01,33.747182,0.0
2021-04-02,33.739617,0.0
2021-04-05,33.804077,0.0
2021-04-06,33.717637,0.0
2021-04-07,33.713124,0.0
2021-04-08,33.766251,0.0
2021-04-09,33.89287,0.0
2021-04-12,33.901745,0.0
2021-04-13,33.901157,0.0
2021-04-14,33.871341,0.0
2021-04-15,33.869073,0.0
2021-04-16,33.838981,0.0
2021-04-19,33.754511,0.0
2021-04-20,33.675664,0.0
2021-04-21,33.708766,0.0
2021-04-22,33.718694,0.0
2021-04-23,33.777516,0.0
2021-04-26,33.732499,0.0
2021-04-27,33.730054,0.0
2021-05-04,33.67071,0.0
2021-05-05,33.653769,0.0
2021-05-06,33.641052,0.0
2021-05-07,33.596776,0.0
2021-05-10,33.475082,0.0
2021-05-11,33.225742,0.0
2021-05-12,32.77553,0.0
2021-05-13,33.005609,0.0
2021-05-14,33.02673,0.0
2021-05-17,33.022443,0.0
2021-05-24,33.119953,0.0
2021-05-25,33.096373,0.0
2021-05-26,33.091824,0.0
2021-05-27,33.06119,0.0
2021-06-01,32.999149,0.0
2021-06-02,33.003565,0.0
2021-06-03,33.014222,0.0
2021-06-04,33.041806,0.0
2021-06-07,33.065821,0.0
2021-06-08,33.043574,0.0
2021-06-09,33.032135,0.0
2021-06-10,33.113938,0.0
2021-06-11,33.112314,0.0
2021-06-14,33.128649,0.0
2021-06-22,33.080885,0.0
2021-06-23,33.096576,0.0
2021-06-24,33.095193,0.0
2021-06-25,33.08898,0.0
2021-06-28,33.074778,0.0
2021-06-29,33.099985,0.0
2021-06-30,33.081806,0.0
2021-07-01,33.095529,0.0
2021-07-02,33.079224,0.0
2021-07-05,33.055344,0.0
2021-07-08,33.000992,0.0
2021-07-09,33.004638,0.0
2021-07-12,32.901025,0.0
2021-07-13,32.859085,0.0
2021-07-14,32.858755,0.0
2021-07-15,32.931218,0.0
2021-07-16,32.852822,0.0
2021-07-19,32.442337,0.0
2021-07-20,32.57488,0.0
2021-07-21,32.955204,0.0
2021-07-22,33.143218,0.0
2021-07-30,32.384569,0.0
2021-08-02,32.38828,0.0
2021-08-03,32.315761,0.0
2021-08-04,32.281204,0.0
2021-08-05,32.327254,0.0
2021-08-10,32.89949,0.0
2021-08-13,32.626013,0.0
2021-08-20,32.707155,0.0
2021-08-23,33.299282,0.0
2021-08-24,33.294737,0.0
2021-08-30,33.356732,0.0
2021-08-31,33.649465,0.0
2021-09-01,33.738783,0.0
2021-09-02,33.820571,0.0
2021-09-03,34.232507,0.0
2021-09-06,34.655739,0.0
2021-09-07,34.125204,0.0
2021-09-08,33.925661,0.0
2021-09-09,33.697768,0.0
2021-09-10,33.296733,0.0
2021-09-13,33.337927,0.0
2021-09-14,33.250531,0.0
2021-10-06,33.474142,0.0
2021-10-27,34.201589,0.0
2021-11-04,33.942623,0.0
2021-11-10,34.252252,0.0
2021-11-11,33.945858,0.0
2021-11-12,36.230724,0.0
2021-11-15,39.720753,0.0
2021-11-16,46.033119,0.0
2021-12-10,46.309562,0.0
2021-12-13,46.048322,0.0
2021-12-14,45.72754,0.0
2021-12-15,45.561738,0.0
2021-12-16,45.434174,0.0
2021-12-17,44.870461,0.0
2021-12-20,44.587234,0.0
2021-12-21,45.062653,0.0
2021-12-22,45.36315,0.0
2021-12-23,45.424224,0.0
2021-12-24,45.247929,0.0
2021-12-27,45.569569,0.0
2021-12-28,45.473068,0.0
2021-12-29,45.462084,0.0
2021-12-30,45.531013,0.0
2021-12-31,45.705379,0.0
2022-01-03,45.704196,0.0
2022-01-14,46.019849,0.0
2022-01-17,45.982533,0.0
2022-01-18,44.805691,0.0
2022-01-19,43.910792,0.0
2022-01-20,42.004574,0.0
2022-01-21,39.983954,0.0
2022-01-24,39.890413,0.0
2022-01-25,37.470416,0.0
2022-02-04,37.791072,0.0
2022-02-21,37.646287,0.0
2022-02-22,33.004271,0.0
2022-02-23,26.636862,0.0
2022-02-24,27.664321,0.0
2022-03-03,25.851701,1e-06
2022-03-04,22.370513,3e-06
2022-03-07,17.039476,4.3e-05
2022-03-08,16.325317,6.2e-05
2022-03-09,19.31325,1.4e-05
2022-03-18,20.557796,7e-06
2022-03-21,20.535625,7e-06
2022-03-22,20.615241,7e-06
2022-03-23,19.924166,1e-05
2022-03-24,20.515987,7e-06
2022-03-25,20.587838,7e-06
2022-03-31,18.343204,2.2e-05
2022-04-01,18.602694,1.9e-05
2022-04-04,18.711775,1.8e-05
2022-04-05,18.228788,2.3e-05
2022-04-06,17.802289,2.9e-05
2022-04-07,17.904509,2.8e-05
2022-04-08,17.874364,2.8e-05
2022-04-11,17.455681,3.5e-05
2022-04-12,17.321514,3.7e-05
2022-04-13,17.537769,3.3e-05
2022-04-14,17.392729,3.6e-05
2022-04-15,17.377114,3.6e-05
2022-04-18,17.385834,3.6e-05
2022-04-19,17.55284,3.3e-05
2022-04-20,17.578059,3.3e-05
2022-04-21,17.335871,3.7e-05
2022-04-22,16.774401,4.9e-05
2022-04-25,16.860854,4.7e-05
2022-04-26,16.37723,6e-05
2022-04-27,16.421483,5.9e-05
2022-04-28,16.542362,5.5e-05
2022-04-29,16.418157,5.9e-05
2022-05-02,16.514329,5.6e-05
2022-05-03,16.636441,5.3e-05
2022-05-04,16.689913,5.1e-05
2022-05-05,16.552526,5.5e-05
2022-05-06,16.620909,5.3e-05
2022-05-09,16.170176,6.7e-05
2022-05-10,16.186858,6.6e-05
2022-05-11,16.151172,6.7e-05
2022-05-12,16.067374,7e-05
2022-05-13,16.0969,6.9e-05
2022-05-16,16.108086,6.9e-05
2022-05-17,16.25928,6.4e-05
2022-05-18,16.0711,7e-05
2022-05-19,15.910818,7.6e-05
2022-05-20,15.909003,7.6e-05
2022-05-23,15.905843,7.7e-05
2022-05-24,15.899832,7.7e-05
2022-05-25,15.919574,7.6e-05
2022-05-26,15.848383,7.9e-05
2022-05-27,15.6764,8.6e-05
2022-05-30,15.653528,8.7e-05
2022-05-31,15.659378,8.7e-05
2022-06-01,15.655307,8.7e-05
2022-06-02,15.61239,8.9e-05
2022-06-03,15.668017,8.6e-05
2022-06-06,15.670512,8.6e-05
2022-06-07,15.642272,8.8e-05
2022-06-08,15.656778,8.7e-05
2022-06-09,15.489766,9.5e-05
2022-06-10,15.162803,0.000112
2022-06-13,14.62297,0.000148
2022-06-14,14.565901,0.000152
2022-06-15,15.03868,0.000119
2022-06-16,14.062609,0.000198
2022-06-17,14.044911,0.000199
2022-06-20,14.055636,0.000198
2022-06-21,14.051144,0.000199
2022-06-22,14.061794,0.000198
2022-06-23,14.086122,0.000195
2022-06-24,13.970289,0.000207
2022-06-27,13.985348,0.000206
2022-06-28,13.858261,0.00022
2022-06-29,13.874548,0.000218
2022-06-30,13.867417,0.000218
2022-07-01,13.903647,0.000214
2022-07-04,13.880074,0.000217
2022-07-05,13.877221,0.000217
2022-07-06,13.8649,0.000219
2022-07-07,13.868774,0.000218
2022-07-08,13.905359,0.000214
2022-07-11,13.913558,0.000213
2022-07-12,13.999461,0.000204
2022-07-13,13.964096,0.000208
2022-07-14,13.958702,0.000208
2022-07-15,13.888121,0.000216
2022-07-18,13.924714,0.000212
2022-07-19,13.900883,0.000215
2022-07-20,13.827861,0.000223
2022-07-21,13.769744,0.00023
2022-07-22,13.785983,0.000228
2022-07-25,13.764317,0.00023
2022-07-26,13.74018,0.000233
2022-07-27,13.749767,0.000232
2022-07-28,13.614005,0.000249
2022-07-29,13.68003,0.000241
2022-08-01,13.670511,0.000242
2022-08-02,13.630261,0.000247
2022-08-03,13.701284,0.000238
2022-08-04,13.674412,0.000241
2022-08-05,13.672656,0.000242
2022-08-08,13.719039,0.000236
2022-08-09,13.701619,0.000238
2022-08-10,13.683409,0.00024
2022-08-11,13.639481,0.000246
2022-08-12,13.673013,0.000242
2022-08-15,13.651809,0.000244
2022-08-16,13.670985,0.000242
2022-08-17,13.656178,0.000244
2022-08-18,13.640148,0.000246
2022-08-19,13.660924,0.000243
2022-08-22,13.533204,0.00026
2022-08-23,13.529497,0.00026
2022-08-24,13.524634,0.000261
2022-08-25,13.45936,0.00027
2022-08-26,13.396909,0.000279
2022-08-29,13.342093,0.000287
2022-08-30,13.321576,0.00029
2022-08-31,13.30274,0.000293
2022-09-01,13.306839,0.000292
2022-09-02,13.375458,0.000282
2022-09-05,13.546889,0.000258
2022-09-06,13.486357,0.000266
2022-09-07,13.442279,0.000272
2022-09-08,13.37505,0.000282
2022-09-09,13.510672,0.000263
2022-09-12,13.548078,0.000258
2022-09-13,13.366382,0.000283
2022-09-14,13.537141,0.000259
2022-09-15,13.366963,0.000283
2022-09-16,13.199433,0.000309
2022-09-19,13.1782,0.000312
2022-09-20,12.934663,0.000355
2022-09-21,12.557307,0.000432
2022-09-22,12.436767,0.00046
2022-09-23,12.380058,0.000474
2022-09-26,12.275737,0.0005
2022-09-27,12.280897,0.000499
2022-09-28,12.251787,0.000506
2022-09-29,12.252244,0.000506
2022-09-30,12.305077,0.000492
2022-10-03,12.849678,0.000371
2022-10-04,13.69087,0.000239
2022-10-05,13.8007,0.000226
2022-10-06,14.201142,0.000184
2022-10-07,13.871908,0.000218
2022-10-10,9.656793,0.001994
2022-10-11,11.465407,0.000765
2022-10-12,9.356163,0.002342
2022-10-13,10.080295,0.001591
2022-10-14,10.740787,0.001121
2022-10-17,4.784037,0.002693
2022-10-18,0.87923,0.451676
2022-10-19,1.060026,0.3657
2022-10-20,1.10902,0.344971
2022-10-21,1.085687,0.354712
2022-10-24,1.169513,0.320805
2022-10-25,1.110991,0.344159
2022-10-26,1.236416,0.295839
2022-10-27,1.266247,0.285281
2022-10-28,1.456801,0.22554
2022-10-31,1.467693,0.2225
2022-11-01,1.466152,0.222928
2022-11-02,1.653148,0.176266
2022-11-03,1.622616,0.183201
2022-11-04,1.813883,0.143666
2022-11-07,1.603708,0.187623
2022-11-08,1.595369,0.189604
2022-11-09,1.942745,0.121758
2022-11-10,1.898315,0.128924
2022-11-11,2.099585,0.099394
2022-11-14,2.056026,0.105174
2022-11-15,2.009021,0.111774
2022-11-16,2.083446,0.101499
2022-11-17,1.875071,0.132831
2022-11-18,2.120819,0.096689
2022-11-21,1.709213,0.164172
2022-11-22,1.707265,0.164579
2022-11-23,1.713168,0.163349
2022-11-24,1.71934,0.162073
2022-11-25,1.728851,0.160125
2022-11-28,1.759945,0.153909
2022-11-29,1.759979,0.153902
2022-11-30,1.71741,0.162471
2022-12-01,1.591877,0.19044
2022-12-02,1.633139,0.180782
2022-12-05,1.647767,0.17747
2022-12-06,1.646022,0.177862
2022-12-07,1.658009,0.175185
2022-12-08,1.698998,0.166316
2022-12-09,1.681967,0.169948
2022-12-12,1.674272,0.171614
2022-12-13,1.669347,0.172688
2022-12-14,1.66557,0.173516
2022-12-15,1.689944,0.168238
2022-12-16,1.703583,0.16535
2022-12-19,1.716801,0.162597
2022-12-20,1.7193,0.162081
2022-12-21,1.72046,0.161843
2022-12-22,1.73944,0.157982
2022-12-23,1.733347,0.159211
2022-12-26,1.772434,0.151477
2022-12-27,1.791507,0.147834
2022-12-28,1.793822,0.147397
2022-12-29,1.777661,0.15047
2022-12-30,1.79134,0.147865
2023-01-02,1.811244,0.144151
2023-01-03,1.857217,0.135909
2023-01-04,1.707072,0.164619
2023-01-05,1.687916,0.168671
2023-01-06,1.677617,0.170888
2023-01-09,2.103393,0.098904
2023-01-10,1.931249,0.123575
2023-01-11,2.127458,0.095858
2023-01-12,2.175384,0.090059
2023-01-13,2.176613,0.089915
2023-01-16,2.167359,0.091006
2023-01-17,2.174966,0.090108
2023-01-18,2.175522,0.090043
2023-01-19,2.197308,0.087521
2023-01-20,2.176526,0.089925
2023-01-23,2.180207,0.089494
2023-01-24,2.171111,0.090562
2023-01-25,2.173007,0.090338
2023-01-26,2.152947,0.09273
2023-01-27,2.153821,0.092625
2023-01-30,2.160876,0.091778
2023-01-31,2.145049,0.093689
2023-02-01,2.145641,0.093617
2023-02-02,2.1209,0.096679
2023-02-03,2.140255,0.094275
2023-02-06,2.157587,0.092172
2023-02-07,2.155566,0.092415
2023-02-08,2.14872,0.093242
2023-02-09,2.152274,0.092812
2023-02-10,2.154032,0.092599
2023-02-13,2.157831,0.092142
2023-02-14,2.15492,0.092492
2023-02-15,2.15646,0.092307
2023-02-16,2.179654,0.089559
2023-02-17,2.182837,0.089188
2023-02-20,2.189632,0.088401
2023-02-21,2.175726,0.090019
2023-02-22,2.17698,0.089872
2023-02-23,2.177083,0.08986
2023-02-24,2.160618,0.091808
2023-02-27,2.170592,0.090623
2023-02-28,2.171909,0.090468
2023-03-01,2.170061,0.090686
2023-03-02,2.167557,0.090982
2023-03-03,2.157173,0.092221
2023-03-06,2.153731,0.092636
2023-03-07,2.158834,0.092022
2023-03-08,2.160442,0.091829
2023-03-09,2.147544,0.093385
2023-03-10,2.135218,0.094895
2023-03-13,2.147732,0.093362
2023-03-14,2.147893,0.093342
2023-03-15,2.156795,0.092267
2023-03-16,2.083721,0.101463
2023-03-17,2.080018,0.101952
2023-03-20,2.078206,0.102192
2023-03-21,2.141343,0.094142
2023-03-22,2.268923,0.079702
2023-03-23,2.259593,0.080681
2023-03-24,2.326692,0.073893
2023-03-27,2.336702,0.072929
2023-03-28,2.373701,0.069471
2023-04-03,2.381384,0.068773
2023-04-04,2.448979,0.06292
2023-04-05,2.415636,0.065744
2023-04-06,2.41199,0.06606
2023-04-07,2.400727,0.067046
2023-04-10,2.395827,0.06748
2023-04-11,2.384601,0.068483
2023-04-12,2.382031,0.068715
2023-04-13,2.400799,0.06704
2023-04-14,2.401732,0.066958
2023-04-17,2.418542,0.065493
2023-04-18,2.422864,0.065122
2023-04-19,2.421186,0.065266
2023-04-20,2.42677,0.064788
2023-04-21,2.439538,0.063708
2023-04-24,2.441424,0.06355
2023-04-25,2.471604,0.061072
2023-04-26,2.452585,0.062622
2023-04-27,2.420449,0.065329
2023-04-28,2.443637,0.063365
2023-05-01,2.436178,0.06399
2023-05-02,2.452405,0.062637
2023-05-03,2.482185,0.060226
2023-05-04,2.410334,0.066204
2023-05-05,2.224247,0.084496
2023-05-08,2.190387,0.088314
2023-05-09,2.202175,0.086967
2023-05-10,2.207814,0.086329
2023-05-11,2.214336,0.085597
2023-05-12,2.231252,0.083727
2023-05-15,2.243725,0.082373
2023-05-16,2.278636,0.078696
2023-05-17,2.264306,0.080185
2023-05-18,2.196208,0.087646
2023-05-19,2.299727,0.076552
2023-05-22,2.361438,0.070599
2023-05-23,2.246906,0.082031
2023-05-24,2.241146,0.082651
2023-05-25,2.27777,0.078785
2023-05-26,2.255981,0.081063
2023-05-29,2.257804,0.08087
2023-05-30,2.242726,0.082481
2023-05-31,2.233482,0.083483
2023-06-01,2.238164,0.082974
2023-06-02,2.228201,0.084061
2023-06-05,2.230977,0.083757
2023-06-06,2.237669,0.083027
2023-06-07,2.246358,0.08209
2023-06-08,2.242881,0.082464
2023-06-09,2.245122,0.082223
2023-06-12,2.240665,0.082703
2023-06-15,2.31009,0.075519
2023-06-16,2.26275,0.080349
2023-06-19,2.254402,0.081231
2023-06-20,2.281002,0.078452
2023-06-21,2.283251,0.078222
2023-06-22,2.279849,0.078571
2023-06-23,2.285026,0.07804
2023-06-26,2.296873,0.076838
2023-06-27,2.287592,0.077778
2023-06-28,2.2836,0.078186
2023-06-29,2.254748,0.081194
2023-06-30,2.320768,0.074469
2023-07-03,2.316037,0.074933
2023-07-04,2.298726,0.076652
2023-07-07,2.282039,0.078346
2023-07-10,2.284694,0.078074
2023-07-11,2.199968,0.087217
2023-07-12,2.198732,0.087358
2023-07-13,2.220317,0.084931
2023-07-14,2.241094,0.082657
2023-07-17,2.24062,0.082708
2023-07-18,2.243657,0.08238
2023-07-19,2.252964,0.081384
2023-07-20,2.239416,0.082838
2023-07-21,2.249307,0.081774
2023-07-24,2.377878,0.069091
2023-07-25,2.380652,0.068839
2023-07-26,2.374027,0.069441
2023-07-27,2.372836,0.06955
2023-07-28,2.368011,0.069992
2023-07-31,2.370324,0.06978
2023-08-01,2.364927,0.070276
2023-08-02,2.394005,0.067642
2023-08-03,2.41151,0.066102
2023-08-04,2.412403,0.066024
2023-08-07,2.417733,0.065563
2023-08-08,2.420666,0.06531
2023-08-09,2.441482,0.063545
2023-08-14,2.436766,0.063941
2023-08-15,2.44706,0.06308
2023-08-16,2.411278,0.066122
2023-08-17,2.425558,0.064891
2023-08-18,2.41768,0.065568
2023-08-21,2.414837,0.065813
2023-08-22,2.422598,0.065145
2023-08-23,2.358761,0.070848
2023-08-24,2.348425,0.071816
2023-08-25,2.365278,0.070244
2023-08-28,2.383558,0.068577
2023-08-29,2.392916,0.067739
2023-08-30,2.458855,0.062107
2023-08-31,2.494704,0.059239
2023-09-01,2.504059,0.058513
2023-09-04,2.494167,0.059281
2023-09-05,2.505993,0.058363
2023-09-06,2.513419,0.057794
2023-09-07,2.524242,0.056974
2023-09-08,2.522684,0.057091
2023-09-11,2.587966,0.052371
2023-09-12,2.5848,0.052591
2023-09-13,2.585373,0.052551
2023-09-14,2.592489,0.052058
2023-09-15,2.630895,0.049477
2023-09-18,2.632997,0.049339
2023-09-19,2.644492,0.048593
2023-09-20,2.640611,0.048844
2023-09-21,2.658322,0.04771
2023-09-22,2.651367,0.048152
2023-09-25,2.644087,0.048619
2023-09-26,2.621056,0.050126
2023-09-27,2.627516,0.049699
2023-09-28,2.622465,0.050032
2023-09-29,2.618482,0.050297
2023-10-02,2.621923,0.050068
2023-10-03,2.632658,0.049361
2023-10-04,2.615272,0.050511
2023-10-05,2.614344,0.050573
2023-10-06,2.604453,0.05124
2023-10-09,2.579322,0.052973
2023-10-10,2.547586,0.055244
2023-10-11,2.515328,0.057649
2023-10-12,2.515146,0.057662
2023-10-13,2.518589,0.057401
2023-10-16,2.550289,0.055047
2023-10-17,2.553012,0.054849
2023-10-18,2.5597,0.054366
2023-10-19,2.576692,0.053158
2023-10-20,2.579725,0.052945
2023-10-23,2.578375,0.05304
2023-10-24,2.571883,0.053497
2023-10-25,2.565825,0.053927
2023-10-26,2.588458,0.052337
2023-10-27,2.615895,0.106428
2023-10-30,2.621426,0.050101
2023-10-31,2.617882,0.050337
2023-11-01,2.607442,0.051038
2023-11-02,2.606498,0.051102
2023-11-07,2.597967,0.051682
2023-11-08,2.590068,0.052225
2023-11-09,2.536652,0.056048
2023-11-10,2.467881,0.061373
2023-11-13,2.488958,0.05969
2023-11-14,2.440047,0.063665
2023-11-15,2.435445,0.064052
2023-11-22,2.439976,0.063671
2023-11-23,2.438863,0.063764
2023-11-24,2.445193,0.063235
2023-11-27,2.44653,0.063124
2023-11-28,2.445506,0.063209
2023-11-29,2.443019,0.063416
2023-11-30,2.444756,0.063271
2023-12-01,2.243228,0.082426
2023-12-04,2.308432,0.075683
2023-12-05,2.251509,0.134115
2023-12-06,2.27616,0.132008
2023-12-07,2.327694,0.073796
2023-12-08,2.147388,0.093404
2023-12-11,2.16254,0.091579
2023-12-12,2.144681,0.093733
2023-12-13,2.060094,0.104621
2023-12-19,2.033519,0.108286
2023-12-20,2.071984,0.10302
2023-12-21,2.090681,0.10055
2023-12-22,2.079614,0.102005
2023-12-25,2.082596,0.101611
2023-12-26,2.06922,0.10339
2023-12-27,2.05337,0.105537
2023-12-28,2.033919,0.10823
2023-12-29,2.052179,0.1057
2024-01-01,2.038533,0.107585
2024-01-02,2.097354,0.099683
2024-01-03,2.131715,0.095328
2024-01-04,2.134617,0.094969
2024-01-05,2.136028,0.094795
2024-01-08,2.138341,0.09451
2024-01-09,2.140637,0.094228
2024-01-10,2.131743,0.095325
2024-01-11,2.133332,0.095128
2024-01-12,2.130205,0.095516
2024-01-15,2.128465,0.095732
2024-01-16,2.133806,0.09507
2024-01-17,2.153003,0.092723
2024-01-18,2.092115,0.100363
2024-01-19,1.987779,0.114885
2024-01-22,1.996626,0.113579
2024-01-23,1.984676,0.115346
2024-01-24,1.983114,0.115579
2024-01-25,1.912306,0.126625
2024-01-26,1.914574,0.126256
2024-01-29,1.818586,0.142804
2024-01-30,1.775049,0.150973
2024-01-31,1.819646,0.14261
2024-02-01,1.899448,0.128736
2024-02-02,1.880498,0.131909
2024-02-05,1.879826,0.132023
2024-02-06,1.872335,0.133299
2024-02-07,1.864512,0.134644
2024-02-08,1.887535,0.130722
2024-02-09,1.910745,0.126879
2024-02-12,1.907627,0.127389
2024-02-13,1.887011,0.13081
2024-02-14,1.950444,0.120556
2024-02-15,1.94398,0.121564
2024-02-16,1.941311,0.121983
2024-02-19,1.935854,0.122844
2024-02-20,1.932362,0.123398
2024-02-21,1.938036,0.122499
2024-02-22,1.920214,0.125343
2024-02-23,1.920845,0.125241
2024-02-26,1.761883,0.153529
2024-02-27,1.75402,0.155075
2024-02-28,1.70521,0.165009
2024-02-29,1.521079,0.208147
2024-03-01,1.50628,0.212037
2024-03-04,1.395967,0.243231
2024-03-05,1.44052,0.230154
2024-03-06,1.446448,0.228464
2024-03-07,1.985086,0.115285
2024-03-08,1.247727,0.291795
2024-03-11,1.523615,0.207487
2024-03-12,1.493984,0.21532
2024-03-13,1.472202,0.221254
2024-03-14,1.214243,0.303914
2024-03-15,1.313215,0.269346
2024-03-18,0.832446,0.476455
2024-03-19,1.294044,0.27575
2024-03-20,1.333432,0.26274
2024-03-21,1.082249,0.356167
2024-03-22,1.043621,0.352947
2024-03-25,1.166887,0.280563
2024-03-26,1.165249,0.322458
2024-03-27,1.291559,0.275763
2024-03-28,1.832068,0.176495
2024-03-29,0.98565,0.373925
2024-04-01,1.094244,0.335598
2024-04-02,1.199677,0.273914
2024-04-03,0.949228,0.330387
2024-04-04,0.895713,0.408974
2024-04-05,0.881302,0.348299
2024-04-08,0.865037,0.352782
2024-04-09,0.705128,0.494539
2024-04-10,0.843609,0.43077
2024-04-11,0.796906,0.37245
2024-04-12,0.742081,0.476649
2024-04-15,0.747387,0.474134
2024-04-16,0.868241,0.420325
2024-04-17,0.874518,0.417704
2024-04-18,0.847821,0.357613
2024-04-19,0.712572,0.398995
2024-04-22,0.638228,0.52866
2024-04-23,0.579197,0.446986
2024-04-24,0.55028,0.648162
2024-04-25,0.6395,0.52799
2024-04-26,0.566228,0.452116
2024-04-29,0.534176,0.659038
2024-04-30,0.58845,0.622804
2024-05-01,0.703677,0.495255
2024-05-02,0.743463,0.388967
2024-05-03,0.580781,0.446366
2024-05-06,0.591976,0.442019
2024-05-07,0.580493,0.446478
2024-05-08,0.581071,0.446252
2024-05-09,0.581385,0.446129
2024-05-10,0.580411,0.446511
2024-05-13,0.591717,0.442119
2024-05-14,0.599212,0.439245
2024-05-15,0.610229,0.543633
2024-05-16,0.678147,0.410618
2024-05-17,0.672647,0.412521
2024-05-20,0.671926,0.412771
2024-05-21,0.667297,0.414385
2024-05-22,0.685997,0.407925
2024-05-23,0.691256,0.406134
2024-05-24,0.667058,0.414468
2024-05-27,0.634921,0.425934
2024-05-28,0.63592,0.425571
2024-05-29,0.629448,0.427934
2024-05-30,0.61509,0.433249
2024-05-31,0.644873,0.422333
2024-06-03,0.637178,0.425113
2024-06-04,0.643105,0.42297
2024-06-05,0.643799,0.42272
2024-06-06,0.625276,0.429468
2024-06-07,0.571946,0.449843
2024-06-10,0.500975,0.479402
2024-06-11,0.516722,0.670939
2024-06-12,0.529679,0.589126
2024-06-13,0.733146,0.392275
2024-06-14,0.207942,0.890902
2024-06-17,0.220188,0.882385
2024-06-18,0.220238,0.882351
2024-06-19,0.214824,0.886127
2024-06-20,0.245593,0.864475
2024-06-21,0.247116,0.863392
2024-06-24,0.263119,0.851971
2024-06-25,0.262129,0.85268
2024-06-26,0.262371,0.852506
2024-06-27,0.262294,0.852562
2024-06-28,0.261834,0.852891
2024-07-01,0.261364,0.853227
2024-07-02,0.258481,0.85529
2024-07-03,0.253752,0.858666
2024-07-04,0.253946,0.858528
2024-07-05,0.254816,0.857907
2024-07-08,0.255124,0.857687
2024-07-09,0.252524,0.859542
2024-07-10,0.241992,0.86703
2024-07-11,0.256698,0.856564
2024-07-12,0.25665,0.856598
2024-07-15,0.256132,0.856967
2024-07-16,0.258445,0.855315
2024-07-17,0.269193,0.847616
2024-07-18,0.307961,0.579182
2024-07-19,0.343495,0.558083
2024-07-22,0.29397,0.587929
2024-07-23,0.300457,0.583841
2024-07-24,0.385979,0.534704
2024-07-25,0.505209,0.477551
2024-07-26,0.465968,0.495164
2024-07-29,0.483195,0.487301
2024-07-30,0.509172,0.47583
2024-07-31,0.401252,0.526733
2024-08-01,0.61149,0.434598
2024-08-02,0.78999,0.37453
2024-08-05,1.226191,0.268682
2024-08-06,1.097794,0.295257
2024-08-07,1.142142,0.285716
2024-08-08,0.893795,0.344908
2024-08-09,0.838326,0.360317
2024-08-12,0.815504,0.366933
2024-08-13,0.619201,0.431717
2024-08-14,0.585186,0.444648
2024-08-15,0.421418,0.516528
2024-08-16,0.405281,0.524666
2024-08-19,0.35553,0.785162
2024-08-20,0.358384,0.783096
2024-08-21,0.346904,0.791413
2024-08-22,0.36917,0.775291
2024-08-23,0.372835,0.772641
2024-08-26,0.361266,0.781009
2024-08-27,0.361194,0.781061
2024-08-28,0.36247,0.780137
2024-08-29,0.368916,0.775475
2024-08-30,0.380888,0.766826
2024-09-02,0.380761,0.766918
2024-09-03,0.385619,0.763414
2024-09-04,0.389356,0.760721
2024-09-05,0.413808,0.74316
2024-09-06,0.496415,0.481408
2024-09-09,0.47929,0.696831
2024-09-10,0.506415,0.678019
2024-09-11,0.38226,0.765836
2024-09-12,0.433442,0.729149
2024-09-13,0.427791,0.733173
2024-09-16,0.462455,0.708627
2024-09-17,0.45152,0.716335
2024-09-18,0.517752,0.670233
2024-09-19,0.466891,0.70551
2024-09-20,0.391237,0.759366
2024-09-23,0.40774,0.747507
2024-09-24,0.435876,0.727419
2024-09-25,0.438258,0.725727
2024-09-26,0.466541,0.705756
2024-09-27,0.512065,0.674133
2024-09-30,0.445582,0.720534
2024-10-01,0.438227,0.725749
2024-10-02,0.428131,0.732931
2024-10-03,0.449144,0.718014
2024-10-04,0.512701,0.673696
2024-10-07,0.470049,0.703295
2024-10-08,0.513967,0.672828
2024-10-09,0.513074,0.67344
2024-10-10,0.520292,0.668495
2024-10-11,0.533432,0.659543
2024-10-14,0.556657,0.643883
2024-10-15,0.549586,0.648628
2024-10-16,0.546382,0.650785
2024-10-17,0.568592,0.635921
2024-10-18,0.583826,0.625843
2024-10-21,0.583895,0.625797
2024-10-22,0.579612,0.628621
2024-10-23,0.560909,0.64104
2024-10-24,0.352664,0.552877
2024-10-25,0.522228,0.470231
2024-10-28,0.42177,0.737468
2024-10-29,0.614215,0.606038
2024-10-30,0.710011,0.546349
2024-10-31,1.034153,0.309677
2024-11-01,1.266393,0.260984
2024-11-04,1.289367,0.256709
2024-11-05,1.350459,0.245752
2024-11-06,1.375158,0.241486
2024-11-07,1.442039,0.230378
2024-11-08,1.303641,0.254096
2024-11-11,1.252483,0.263616
2024-11-12,1.235281,0.266917
2024-11-13,1.227118,0.268501
2024-11-14,1.234743,0.267021
2024-11-15,1.2127,0.271328
2024-11-18,1.220676,0.269759
2024-11-19,1.218555,0.270175
2024-11-20,1.233873,0.267189
2024-11-21,1.251248,0.263851
2024-11-22,1.252822,0.263552
2024-11-25,1.255828,0.26298
2024-11-26,1.267978,0.260687
2024-11-27,1.26783,0.260714
2024-11-28,1.312901,0.252418
2024-11-29,1.307579,0.253381
2024-12-02,1.307434,0.253407
2024-12-03,1.329355,0.249471
2024-12-04,1.367151,0.242859
2024-12-05,1.369467,0.242461
2024-12-06,1.367455,0.242807
2024-12-09,1.368943,0.242551
2024-12-10,1.345079,0.246694
2024-12-11,1.354489,0.24505
2024-12-12,1.357614,0.244507
2024-12-13,1.423241,0.233437
2024-12-16,1.508694,0.219916
2024-12-17,1.558445,0.212477
2024-12-18,1.380589,0.24056
2024-12-19,1.33026,0.24931
2024-12-20,1.423018,0.233473
2024-12-23,1.390557,0.238872
2024-12-24,1.403839,0.236645
2024-12-25,1.4229,0.233492
2024-12-26,1.469118,0.226057
2024-12-27,1.401193,0.237086
2024-12-30,1.370843,0.242225
2024-12-31,1.359798,0.244128
2025-01-01,1.375229,0.241474
2025-01-02,1.360992,0.243922
2025-01-03,1.373255,0.241811
2025-01-06,1.367089,0.24287
2025-01-07,1.338515,0.247848
2025-01-08,1.339608,0.247656
2025-01-09,1.340834,0.24744
2025-01-10,1.304344,0.253968
2025-01-13,1.308826,0.253155
2025-01-14,1.312063,0.25257
2025-01-15,1.342666,0.247117
2025-01-16,1.388759,0.239175
2025-01-17,1.43803,0.231026
2025-01-20,1.392429,0.238556
2025-01-21,1.417562,0.23437
2025-01-22,1.423034,0.23347
2025-01-23,1.428386,0.232595
2025-01-24,1.407742,0.235995
2025-01-27,1.370757,0.24224
2025-01-28,1.428465,0.232582
2025-01-29,1.377674,0.241057
2025-01-30,1.355216,0.244923
2025-01-31,1.357615,0.244507
2025-02-03,1.405988,0.236287
2025-02-04,1.451025,0.228933
2025-02-05,1.412816,0.235154
2025-02-06,1.429635,0.232391
2025-02-07,1.475359,0.225075
2025-02-10,1.475875,0.224994
2025-02-11,1.463488,0.226948
2025-02-12,1.46202,0.227181
2025-02-13,1.464618,0.226769
2025-02-14,1.497256,0.22167
2025-02-17,1.505248,0.220443
2025-02-18,1.504077,0.220622
2025-02-19,1.559142,0.212375
2025-02-20,1.567302,0.211185
2025-02-21,1.533761,0.21613
2025-02-24,1.543234,0.214719
2025-02-25,1.529699,0.216738
2025-02-26,1.534927,0.215956
2025-02-27,1.524991,0.217446
2025-02-28,1.548112,0.213997
2025-03-03,1.575851,0.209946
2025-03-04,1.52636,0.21724
2025-03-05,1.578343,0.209586
2025-03-06,1.561417,0.212042
2025-03-07,1.583912,0.208785
2025-03-10,1.578802,0.20952
2025-03-11,1.534621,0.216002
2025-03-12,1.529924,0.216704
2025-03-13,1.566313,0.211328
2025-03-14,1.561823,0.211983
2025-03-17,1.578036,0.20963
2025-03-18,1.442768,0.230261
2025-03-19,1.332626,0.24889
2025-03-20,1.473841,0.225314
2025-03-21,1.439476,0.230792
2025-03-24,1.330115,0.249336
2025-03-25,1.281945,0.25808
2025-03-26,1.287309,0.257088
2025-03-27,1.191527,0.275547
2025-03-28,1.184034,0.27706
2025-03-31,1.189937,0.275868
2025-04-01,1.166526,0.280637
2025-04-02,1.176773,0.278537
2025-04-03,0.991483,0.319862
2025-04-04,0.617382,0.603997
2025-04-07,0.639849,0.589649
2025-04-08,0.545359,0.651474
2025-04-09,0.98321,0.400367
2025-04-10,0.947725,0.417301
2025-04-11,0.959019,0.411847
2025-04-14,0.943625,0.419295
2025-04-15,0.919539,0.431175
2025-04-16,0.902131,0.439933
2025-04-17,0.9078,0.437065
2025-04-18,0.91692,0.432483
2025-04-21,0.877283,0.452686
2025-04-22,0.884515,0.448943
2025-04-23,0.883202,0.449621
2025-04-24,0.859026,0.462246
2025-04-25,0.92965,0.426154
2025-04-28,0.952466,0.415004
2025-04-29,1.292776,0.256082
2025-04-30,1.29302,0.256037
2025-05-01,1.301551,0.254476
2025-05-02,1.353312,0.245255
2025-05-05,1.348111,0.246163
2025-05-06,1.351821,0.245515
2025-05-07,1.358683,0.244322
2025-05-08,1.351944,0.245493
2025-05-09,1.371921,0.24204
2025-05-12,1.349382,0.24594
2025-05-13,1.361356,0.243859
2025-05-14,1.36488,0.24325
2025-05-15,1.377936,0.241012
2025-05-16,1.405465,0.236374
2025-05-19,1.404661,0.236508
2025-05-20,1.39792,0.237634
2025-05-21,1.349711,0.245883
2025-05-22,1.347077,0.246344
2025-05-23,1.326579,0.249965
2025-05-26,1.332934,0.248835
2025-05-27,1.381127,0.240469
2025-05-28,1.387898,0.239321
2025-05-29,1.393117,0.238441
2025-05-30,1.390089,0.238951
2025-06-02,1.395215,0.238088
2025-06-03,1.385111,0.239792
2025-06-04,1.383205,0.240116
2025-06-05,1.360116,0.244073
2025-06-06,1.848219,0.174603
2025-06-09,1.857041,0.17358
2025-06-10,1.865277,0.172631
2025-06-11,1.866392,0.172503
2025-06-12,1.908451,0.167752
2025-06-13,1.855456,0.173764
2025-06-16,1.967433,0.161341
2025-06-17,2.005297,0.157373
2025-06-18,1.923013,0.166143
2025-06-19,1.919595,0.166519
2025-06-20,1.891975,0.169595
2025-06-23,1.76271,0.184893
2025-06-24,1.749874,0.186497
2025-06-25,1.75432,0.18594
2025-06-26,1.730298,0.188976
2025-06-27,1.718659,0.190468
2025-06-30,1.667668,0.197168
2025-07-01,1.655583,0.198796
2025-07-02,1.656222,0.19871
2025-07-03,1.655114,0.19886
2025-07-04,1.655722,0.198777
2025-07-07,1.648087,0.199814
2025-07-08,1.642325,0.200601
2025-07-09,1.658298,0.198429
2025-07-10,1.660084,0.198188
2025-07-11,1.647271,0.199925
2025-07-14,1.646023,0.200096
2025-07-15,1.643432,0.200449
2025-07-16,1.673001,0.196454
2025-07-17,1.646122,0.200082
2025-07-18,1.63916,0.201034
2025-07-21,1.651379,0.199366
2025-07-22,1.774168,0.183474
2025-07-23,1.816497,0.178341
2025-07-24,1.845898,0.174874
2025-07-25,1.81486,0.178537
2025-07-28,1.838198,0.175774
2025-07-29,1.865278,0.172631
2025-07-30,1.83141,0.176573
2025-07-31,1.880419,0.170902
2025-08-01,1.880197,0.170927
2025-08-04,1.97207,0.160849
2025-08-05,1.954448,0.162728
2025-08-06,2.000213,0.157899
2025-08-07,2.006871,0.157211
2025-08-08,2.212987,0.137484
2025-08-13,2.322203,0.128171
2025-08-14,2.302557,0.129793
2025-08-15,1.87107,0.171967
2025-08-18,1.627183,0.202685
2025-08-19,1.429122,0.232474
2025-08-20,1.158264,0.282345
2025-08-21,1.045963,0.306933
2025-08-22,1.378909,0.240846
2025-08-25,1.371017,0.242195
2025-08-26,1.417704,0.234347
2025-08-27,1.44971,0.229144
2025-08-28,1.466087,0.226536
2025-08-29,1.421784,0.233675
2025-09-01,1.430076,0.232319
2025-09-02,1.223042,0.269296
2025-09-03,1.29985,0.254787
2025-09-04,1.534183,0.216067
2025-09-05,1.461025,0.227338
2025-09-08,1.511058,0.219556
2025-09-09,1.61974,0.203719
2025-09-10,1.69482,0.193566
2025-09-11,2.147808,0.143402
2025-09-12,2.137677,0.144348
2025-09-15,2.264971,0.13296
2025-09-16,2.222143,0.136675
2025-09-17,2.160072,0.142267
2025-09-18,2.233209,0.135704
2025-09-19,2.252098,0.134065
2025-09-22,2.326105,0.127852
2025-09-23,2.297351,0.130227
2025-09-24,2.29829,0.130148
2025-09-25,2.25506,0.13381
2025-09-26,2.231299,0.135871
2025-09-29,2.211472,0.137618
2025-09-30,2.19694,0.138915
2025-10-01,2.252179,0.134058
2025-10-02,2.288945,0.13093
2025-10-03,2.251629,0.134105
2025-10-06,2.274837,0.132121
2025-10-07,2.305005,0.12959
2025-10-08,2.416746,0.120677
2025-10-09,2.470296,0.116649
2025-10-10,2.269314,0.13259
2025-10-13,2.280204,0.131666
2025-10-14,2.369848,0.124332
2025-10-15,2.527189,0.112531
2025-10-16,2.458519,0.117522
2025-10-17,2.533782,0.112065
2025-10-20,2.718167,0.09984
2025-10-21,2.705221,0.100649
2025-10-22,2.534231,0.112033
2025-10-23,2.559889,0.110238
2025-10-24,2.608203,0.106943
2025-10-27,2.695317,0.101272
2025-10-28,2.605506,0.107124
2025-10-29,2.60579,0.107105
2025-10-30,2.41937,0.120476
2025-10-31,2.372998,0.124082
2025-11-03,2.394319,0.122409
2025-11-04,2.395335,0.12233
2025-11-05,2.400607,0.121921
2025-11-06,2.379112,0.1236
2025-11-07,2.374701,0.123948
2025-11-10,2.440091,0.118902
2025-11-11,2.39501,0.122356
2025-11-12,2.280457,0.131645
2025-11-13,2.651983,0.104051
2025-11-14,2.736642,0.098698
2025-11-17,2.790223,0.095467
2025-11-18,2.604855,0.107168
2025-11-19,2.534721,0.111999
2025-11-20,2.395881,0.122288
2025-11-21,2.33339,0.127258
2025-11-24,2.096535,0.14826
2025-11-25,1.952318,0.162957
2025-11-26,2.129116,0.145152
2025-11-27,2.003374,0.157572
2025-11-28,1.974979,0.160541
2025-12-01,1.98832,0.159138
2025-12-02,1.924236,0.166008
2025-12-03,1.895702,0.169176
2025-12-04,1.948075,0.163414
2025-12-05,2.032094,0.154632
2025-12-08,2.068231,0.151022
2025-12-09,2.304833,0.129604
2025-12-10,2.725737,0.09937
2025-12-11,2.8299,0.093148
2025-12-12,2.74336,0.098287
2025-12-15,2.517191,0.113243
2025-12-16,2.507032,0.113971
2025-12-17,2.374518,0.123962
2025-12-18,2.413004,0.120964
2025-12-19,2.456105,0.117701
2025-12-22,2.496063,0.114764
2025-12-23,2.586946,0.108379
2025-12-24,2.742668,0.098329
2025-12-25,2.480656,0.115887
2025-12-26,2.206363,0.138073
2025-12-29,2.107026,0.147251
2025-12-30,2.046427,0.153189
