pair_name,horizon_days,metric,value,p_value,n_obs
slope_to_spy_fwd_1m,21,pearson,-0.073655,0.144467,394
slope_to_spy_fwd_1m,21,spearman,-0.085922,0.088524,394
slope_to_spy_fwd_1m,21,kendall,-0.056913,0.091978,394
slope_to_spy_fwd_1m,21,distance_proxy_abs_pearson,0.073655,0.144467,394
slope_to_spy_fwd_3m,63,pearson,-0.130075,0.009935,392
slope_to_spy_fwd_3m,63,spearman,-0.122587,0.015161,392
slope_to_spy_fwd_3m,63,kendall,-0.082619,0.014693,392
slope_to_spy_fwd_3m,63,distance_proxy_abs_pearson,0.130075,0.009935,392
slope_to_spy_fwd_6m,126,pearson,-0.132578,0.008845,389
slope_to_spy_fwd_6m,126,spearman,-0.121735,0.016297,389
slope_to_spy_fwd_6m,126,kendall,-0.081367,0.016686,389
slope_to_spy_fwd_6m,126,distance_proxy_abs_pearson,0.132578,0.008845,389
slope_to_spy_fwd_12m,252,pearson,-0.082597,0.106542,383
slope_to_spy_fwd_12m,252,spearman,-0.123038,0.015988,383
slope_to_spy_fwd_12m,252,kendall,-0.077331,0.024007,383
slope_to_spy_fwd_12m,252,distance_proxy_abs_pearson,0.082597,0.106542,383
mom_to_spy_fwd_1m,21,pearson,0.010659,0.833162,393
mom_to_spy_fwd_1m,21,spearman,0.033804,0.504004,393
mom_to_spy_fwd_1m,21,kendall,0.020742,0.539856,393
mom_to_spy_fwd_1m,21,distance_proxy_abs_pearson,0.010659,0.833162,393
mom_to_spy_fwd_3m,63,pearson,-0.033365,0.510647,391
mom_to_spy_fwd_3m,63,spearman,-0.038205,0.451269,391
mom_to_spy_fwd_3m,63,kendall,-0.026487,0.434928,391
mom_to_spy_fwd_3m,63,distance_proxy_abs_pearson,0.033365,0.510647,391
mom_to_spy_fwd_6m,126,pearson,-0.099602,0.04994,388
mom_to_spy_fwd_6m,126,spearman,-0.040174,0.430051,388
mom_to_spy_fwd_6m,126,kendall,-0.025698,0.450497,388
mom_to_spy_fwd_6m,126,distance_proxy_abs_pearson,0.099602,0.04994,388
mom_to_spy_fwd_12m,252,pearson,-0.121459,0.017553,382
mom_to_spy_fwd_12m,252,spearman,-0.07138,0.163826,382
mom_to_spy_fwd_12m,252,kendall,-0.047357,0.167711,382
mom_to_spy_fwd_12m,252,distance_proxy_abs_pearson,0.121459,0.017553,382
chg_3m_to_spy_fwd_1m,21,pearson,-0.037732,0.45689,391
chg_3m_to_spy_fwd_1m,21,spearman,-0.070666,0.163137,391
chg_3m_to_spy_fwd_1m,21,kendall,-0.048794,0.150103,391
chg_3m_to_spy_fwd_1m,21,distance_proxy_abs_pearson,0.037732,0.45689,391
chg_3m_to_spy_fwd_3m,63,pearson,-0.136133,0.00717,389
chg_3m_to_spy_fwd_3m,63,spearman,-0.114329,0.024129,389
chg_3m_to_spy_fwd_3m,63,kendall,-0.079185,0.019829,389
chg_3m_to_spy_fwd_3m,63,distance_proxy_abs_pearson,0.136133,0.00717,389
chg_3m_to_spy_fwd_6m,126,pearson,-0.201922,6.5e-05,386
chg_3m_to_spy_fwd_6m,126,spearman,-0.161066,0.001499,386
chg_3m_to_spy_fwd_6m,126,kendall,-0.110198,0.001241,386
chg_3m_to_spy_fwd_6m,126,distance_proxy_abs_pearson,0.201922,6.5e-05,386
chg_3m_to_spy_fwd_12m,252,pearson,-0.204172,6.1e-05,380
chg_3m_to_spy_fwd_12m,252,spearman,-0.13356,0.009143,380
chg_3m_to_spy_fwd_12m,252,kendall,-0.092762,0.007,380
chg_3m_to_spy_fwd_12m,252,distance_proxy_abs_pearson,0.204172,6.1e-05,380
chg_6m_to_spy_fwd_1m,21,pearson,-0.104915,0.038865,388
chg_6m_to_spy_fwd_1m,21,spearman,-0.082278,0.105618,388
chg_6m_to_spy_fwd_1m,21,kendall,-0.053766,0.114005,388
chg_6m_to_spy_fwd_1m,21,distance_proxy_abs_pearson,0.104915,0.038865,388
chg_6m_to_spy_fwd_3m,63,pearson,-0.193808,0.000127,386
chg_6m_to_spy_fwd_3m,63,spearman,-0.140759,0.0056,386
chg_6m_to_spy_fwd_3m,63,kendall,-0.094309,0.005693,386
chg_6m_to_spy_fwd_3m,63,distance_proxy_abs_pearson,0.193808,0.000127,386
chg_6m_to_spy_fwd_6m,126,pearson,-0.24611,1e-06,383
chg_6m_to_spy_fwd_6m,126,spearman,-0.15477,0.002387,383
chg_6m_to_spy_fwd_6m,126,kendall,-0.106656,0.001842,383
chg_6m_to_spy_fwd_6m,126,distance_proxy_abs_pearson,0.24611,1e-06,383
chg_6m_to_spy_fwd_12m,252,pearson,-0.26106,0.0,377
chg_6m_to_spy_fwd_12m,252,spearman,-0.153505,0.002805,377
chg_6m_to_spy_fwd_12m,252,kendall,-0.105354,0.002272,377
chg_6m_to_spy_fwd_12m,252,distance_proxy_abs_pearson,0.26106,0.0,377
chg_12m_to_spy_fwd_1m,21,pearson,-0.119348,0.01963,382
chg_12m_to_spy_fwd_1m,21,spearman,-0.087224,0.088673,382
chg_12m_to_spy_fwd_1m,21,kendall,-0.056841,0.097342,382
chg_12m_to_spy_fwd_1m,21,distance_proxy_abs_pearson,0.119348,0.01963,382
chg_12m_to_spy_fwd_3m,63,pearson,-0.200811,8.1e-05,380
chg_12m_to_spy_fwd_3m,63,spearman,-0.116835,0.022737,380
chg_12m_to_spy_fwd_3m,63,kendall,-0.077519,0.024131,380
chg_12m_to_spy_fwd_3m,63,distance_proxy_abs_pearson,0.200811,8.1e-05,380
chg_12m_to_spy_fwd_6m,126,pearson,-0.254873,1e-06,377
chg_12m_to_spy_fwd_6m,126,spearman,-0.131707,0.010469,377
chg_12m_to_spy_fwd_6m,126,kendall,-0.088684,0.010184,377
chg_12m_to_spy_fwd_6m,126,distance_proxy_abs_pearson,0.254873,1e-06,377
chg_12m_to_spy_fwd_12m,252,pearson,-0.316973,0.0,371
chg_12m_to_spy_fwd_12m,252,spearman,-0.19344,0.000178,371
chg_12m_to_spy_fwd_12m,252,kendall,-0.130621,0.000174,371
chg_12m_to_spy_fwd_12m,252,distance_proxy_abs_pearson,0.316973,0.0,371
zscore_60m_to_spy_fwd_1m,21,pearson,-0.088733,0.093211,359
zscore_60m_to_spy_fwd_1m,21,spearman,-0.070203,0.184457,359
zscore_60m_to_spy_fwd_1m,21,kendall,-0.046047,0.192801,359
zscore_60m_to_spy_fwd_1m,21,distance_proxy_abs_pearson,0.088733,0.093211,359
zscore_60m_to_spy_fwd_3m,63,pearson,-0.159708,0.002474,357
zscore_60m_to_spy_fwd_3m,63,spearman,-0.100501,0.057821,357
zscore_60m_to_spy_fwd_3m,63,kendall,-0.067038,0.058665,357
zscore_60m_to_spy_fwd_3m,63,distance_proxy_abs_pearson,0.159708,0.002474,357
zscore_60m_to_spy_fwd_6m,126,pearson,-0.197547,0.000184,354
zscore_60m_to_spy_fwd_6m,126,spearman,-0.139703,0.008486,354
zscore_60m_to_spy_fwd_6m,126,kendall,-0.092332,0.009514,354
zscore_60m_to_spy_fwd_6m,126,distance_proxy_abs_pearson,0.197547,0.000184,354
zscore_60m_to_spy_fwd_12m,252,pearson,-0.220166,3.4e-05,348
zscore_60m_to_spy_fwd_12m,252,spearman,-0.210775,7.4e-05,348
zscore_60m_to_spy_fwd_12m,252,kendall,-0.13856,0.000114,348
zscore_60m_to_spy_fwd_12m,252,distance_proxy_abs_pearson,0.220166,3.4e-05,348
inversion_flag_to_spy_fwd_1m,21,pearson,0.015506,0.758969,394
inversion_flag_to_spy_fwd_1m,21,spearman,0.032848,0.515618,394
inversion_flag_to_spy_fwd_1m,21,kendall,0.026854,0.514929,394
inversion_flag_to_spy_fwd_1m,21,distance_proxy_abs_pearson,0.015506,0.758969,394
inversion_flag_to_spy_fwd_3m,63,pearson,0.056802,0.261889,392
inversion_flag_to_spy_fwd_3m,63,spearman,0.074924,0.138668,392
inversion_flag_to_spy_fwd_3m,63,kendall,0.061253,0.138465,392
inversion_flag_to_spy_fwd_3m,63,distance_proxy_abs_pearson,0.056802,0.261889,392
inversion_flag_to_spy_fwd_6m,126,pearson,0.044358,0.382944,389
inversion_flag_to_spy_fwd_6m,126,spearman,0.055285,0.276719,389
inversion_flag_to_spy_fwd_6m,126,kendall,0.045198,0.276157,389
inversion_flag_to_spy_fwd_6m,126,distance_proxy_abs_pearson,0.044358,0.382944,389
inversion_flag_to_spy_fwd_12m,252,pearson,0.010283,0.841017,383
inversion_flag_to_spy_fwd_12m,252,spearman,0.025093,0.624456,383
inversion_flag_to_spy_fwd_12m,252,kendall,0.020515,0.623829,383
inversion_flag_to_spy_fwd_12m,252,distance_proxy_abs_pearson,0.010283,0.841017,383
steepening_flag_to_spy_fwd_1m,21,pearson,0.03454,0.494216,394
steepening_flag_to_spy_fwd_1m,21,spearman,0.030024,0.552381,394
steepening_flag_to_spy_fwd_1m,21,kendall,0.024545,0.551711,394
steepening_flag_to_spy_fwd_1m,21,distance_proxy_abs_pearson,0.03454,0.494216,394
steepening_flag_to_spy_fwd_3m,63,pearson,-0.026393,0.602376,392
steepening_flag_to_spy_fwd_3m,63,spearman,-0.037858,0.45481,392
steepening_flag_to_spy_fwd_3m,63,kendall,-0.03095,0.454104,392
steepening_flag_to_spy_fwd_3m,63,distance_proxy_abs_pearson,0.026393,0.602376,392
steepening_flag_to_spy_fwd_6m,126,pearson,-0.033883,0.505209,389
steepening_flag_to_spy_fwd_6m,126,spearman,-0.031444,0.536352,389
steepening_flag_to_spy_fwd_6m,126,kendall,-0.025707,0.535664,389
steepening_flag_to_spy_fwd_6m,126,distance_proxy_abs_pearson,0.033883,0.505209,389
steepening_flag_to_spy_fwd_12m,252,pearson,-0.043254,0.398598,383
steepening_flag_to_spy_fwd_12m,252,spearman,-0.042639,0.405347,383
steepening_flag_to_spy_fwd_12m,252,kendall,-0.03486,0.404637,383
steepening_flag_to_spy_fwd_12m,252,distance_proxy_abs_pearson,0.043254,0.398598,383
