entry_date,exit_date,direction,holding_days,trade_return_pct,signal_value,threshold_value,threshold_comparison,regime_tag
1993-02-28,1993-09-30,Long,214,5.33,-1.2856,-2.7293,-1.2856 > -2.7293,bullish
1993-09-30,1993-10-31,Short,31,-1.97,-8.0139,-2.7293,-8.0139 <= -2.7293,strong-bearish
1993-10-31,1994-07-31,Long,273,-0.17,4.5455,-2.7293,+4.5455 > -2.7293,strong-bullish
1994-07-31,1994-09-30,Short,61,-1.38,-4.8597,-2.7293,-4.8597 <= -2.7293,strong-bearish
1994-09-30,1994-12-31,Long,92,-0.53,5.7526,-2.7293,+5.7526 > -2.7293,strong-bullish
1994-12-31,1995-01-31,Short,31,-3.36,-2.7937,-2.7293,-2.7937 <= -2.7293,bearish
1995-01-31,1995-05-31,Long,120,14.52,-1.6212,-2.7293,-1.6212 > -2.7293,bullish
1995-05-31,1995-06-30,Short,30,-2.02,-4.0802,-2.7293,-4.0802 <= -2.7293,bearish
1995-06-30,1995-07-31,Long,31,3.22,4.1791,-2.7293,+4.1791 > -2.7293,strong-bullish
1995-07-31,1995-08-31,Short,31,-0.45,-8.1662,-2.7293,-8.1662 <= -2.7293,strong-bearish
1995-08-31,1996-07-31,Long,335,16.05,-2.1841,-2.7293,-2.1841 > -2.7293,bullish
1996-07-31,1996-08-31,Short,31,-1.93,-3.8141,-2.7293,-3.8141 <= -2.7293,bearish
1996-08-31,1998-10-31,Long,791,74.46,2.3792,-2.7293,+2.3792 > -2.7293,strong-bullish
1998-10-31,1998-11-30,Short,30,-5.57,-3.6137,-2.7293,-3.6137 <= -2.7293,bearish
1998-11-30,1999-03-31,Long,121,11.18,0.4525,-2.7293,+0.4525 > -2.7293,strong-bullish
1999-03-31,1999-04-30,Short,30,-3.8,-4.6554,-2.7293,-4.6554 <= -2.7293,strong-bearish
1999-04-30,1999-05-31,Long,31,-2.29,9.0044,-2.7293,+9.0044 > -2.7293,strong-bullish
1999-05-31,1999-06-30,Short,30,-5.54,-2.7341,-2.7293,-2.7341 <= -2.7293,bearish
1999-06-30,1999-09-30,Long,92,-5.76,4.1866,-2.7293,+4.1866 > -2.7293,strong-bullish
1999-09-30,1999-11-30,Short,61,-8.04,-3.1977,-2.7293,-3.1977 <= -2.7293,bearish
1999-11-30,2000-03-31,Long,122,8.42,2.5,-2.7293,+2.5000 > -2.7293,strong-bullish
2000-03-31,2000-04-30,Short,30,3.51,-7.1813,-2.7293,-7.1813 <= -2.7293,strong-bearish
2000-04-30,2000-10-31,Long,184,-0.99,6.3185,-2.7293,+6.3185 > -2.7293,strong-bullish
2000-10-31,2000-12-31,Short,61,8.03,-3.2707,-2.7293,-3.2707 <= -2.7293,bearish
2000-12-31,2001-06-30,Long,181,-6.03,1.8795,-2.7293,+1.8795 > -2.7293,strong-bullish
2001-06-30,2001-07-31,Short,31,1.02,-4.399,-2.7293,-4.3990 <= -2.7293,strong-bearish
2001-07-31,2002-03-31,Long,243,-4.68,10.1102,-2.7293,+10.1102 > -2.7293,strong-bullish
2002-03-31,2002-04-30,Short,30,5.82,-3.096,-2.7293,-3.0960 <= -2.7293,bearish
2002-04-30,2002-09-30,Long,153,-23.56,0.0639,-2.7293,+0.0639 > -2.7293,strong-bullish
2002-09-30,2002-10-31,Short,31,-8.23,-5.3721,-2.7293,-5.3721 <= -2.7293,strong-bearish
2002-10-31,2003-07-31,Long,273,13.7,-1.301,-2.7293,-1.3010 > -2.7293,bullish
2003-07-31,2003-08-31,Short,31,-2.06,-4.6414,-2.7293,-4.6414 <= -2.7293,strong-bearish
2003-08-31,2003-09-30,Long,30,-1.09,2.5442,-2.7293,+2.5442 > -2.7293,strong-bullish
2003-09-30,2003-10-31,Short,31,-5.35,-5.2319,-2.7293,-5.2319 <= -2.7293,strong-bearish
2003-10-31,2004-05-31,Long,213,8.06,2.6181,-2.7293,+2.6181 > -2.7293,strong-bullish
2004-05-31,2004-06-30,Short,30,-1.85,-4.672,-2.7293,-4.6720 <= -2.7293,strong-bearish
2004-06-30,2004-12-31,Long,184,6.79,3.5975,-2.7293,+3.5975 > -2.7293,strong-bullish
2004-12-31,2005-01-31,Short,31,2.24,-6.0465,-2.7293,-6.0465 <= -2.7293,strong-bearish
2005-01-31,2005-11-30,Long,303,7.44,4.5545,-2.7293,+4.5545 > -2.7293,strong-bullish
2005-11-30,2005-12-31,Short,31,0.19,-3.0233,-2.7293,-3.0233 <= -2.7293,bearish
2005-12-31,2006-04-30,Long,120,6.01,4.4604,-2.7293,+4.4604 > -2.7293,strong-bullish
2006-04-30,2006-05-31,Short,31,3.01,-4.1096,-2.7293,-4.1096 <= -2.7293,bearish
2006-05-31,2006-06-30,Long,30,0.22,2.212,-2.7293,+2.2120 > -2.7293,strong-bullish
2006-06-30,2006-07-31,Short,31,-0.49,-4.4184,-2.7293,-4.4184 <= -2.7293,strong-bearish
2006-07-31,2006-08-31,Long,31,2.18,4.3396,-2.7293,+4.3396 > -2.7293,strong-bullish
2006-08-31,2006-09-30,Short,30,-2.7,-3.2098,-2.7293,-3.2098 <= -2.7293,bearish
2006-09-30,2006-10-31,Long,31,3.15,-1.0743,-2.7293,-1.0743 > -2.7293,strong-bullish
2006-10-31,2006-12-31,Short,61,-3.3,-5.6657,-2.7293,-5.6657 <= -2.7293,strong-bearish
2006-12-31,2007-01-31,Long,31,1.5,-1.9948,-2.7293,-1.9948 > -2.7293,bullish
2007-01-31,2007-02-28,Short,28,1.96,-5.5704,-2.7293,-5.5704 <= -2.7293,strong-bearish
2007-02-28,2007-03-31,Long,31,1.16,-2.3256,-2.7293,-2.3256 > -2.7293,bullish
2007-03-31,2007-05-31,Short,61,-7.67,-3.8908,-2.7293,-3.8908 <= -2.7293,bearish
2007-05-31,2007-10-31,Long,153,1.78,-2.2293,-2.7293,-2.2293 > -2.7293,bullish
2007-10-31,2007-11-30,Short,30,3.87,-7.8947,-2.7293,-7.8947 <= -2.7293,strong-bearish
2007-11-30,2007-12-31,Long,31,-1.13,1.5646,-2.7293,+1.5646 > -2.7293,strong-bullish
2007-12-31,2008-05-31,Short,152,2.95,-5.7602,-2.7293,-5.7602 <= -2.7293,strong-bearish
2008-05-31,2008-06-30,Long,30,-8.36,2.6846,-2.7293,+2.6846 > -2.7293,strong-bullish
2008-06-30,2008-10-31,Short,123,26.65,-6.1275,-2.7293,-6.1275 <= -2.7293,strong-bearish
2008-10-31,2009-01-31,Long,92,-13.76,4.2399,-2.7293,+4.2399 > -2.7293,strong-bullish
2009-01-31,2009-07-31,Short,181,-20.28,-21.9492,-2.7293,-21.9492 <= -2.7293,strong-bearish
2009-07-31,2009-09-30,Long,61,7.37,-1.6245,-2.7293,-1.6245 > -2.7293,bullish
2009-09-30,2009-10-31,Short,31,1.92,-8.0645,-2.7293,-8.0645 <= -2.7293,strong-bearish
2009-10-31,2010-04-30,Long,181,15.82,1.5595,-2.7293,+1.5595 > -2.7293,strong-bullish
2010-04-30,2010-05-31,Short,31,7.95,-4.2693,-2.7293,-4.2693 <= -2.7293,strong-bearish
2010-05-31,2010-07-31,Long,61,1.3,6.8611,-2.7293,+6.8611 > -2.7293,strong-bullish
2010-07-31,2010-08-31,Short,31,4.5,-4.2169,-2.7293,-4.2169 <= -2.7293,bearish
2010-08-31,2010-10-31,Long,61,13.12,2.2013,-2.7293,+2.2013 > -2.7293,strong-bullish
2010-10-31,2010-12-31,Short,61,-6.68,-7.278,-2.7293,-7.2780 <= -2.7293,strong-bearish
2010-12-31,2011-03-31,Long,90,5.9,2.087,-2.7293,+2.0870 > -2.7293,strong-bullish
2011-03-31,2011-04-30,Short,30,-2.9,-2.931,-2.7293,-2.9310 <= -2.7293,bearish
2011-04-30,2011-07-31,Long,92,-4.73,-0.8881,-2.7293,-0.8881 > -2.7293,strong-bullish
2011-07-31,2011-09-30,Short,61,12.82,-8.8608,-2.7293,-8.8608 <= -2.7293,strong-bearish
2011-09-30,2012-03-31,Long,183,25.78,7.5646,-2.7293,+7.5646 > -2.7293,strong-bullish
2012-03-31,2012-04-30,Short,30,0.67,-5.7187,-2.7293,-5.7187 <= -2.7293,strong-bearish
2012-04-30,2012-10-31,Long,184,2.12,10.0,-2.7293,+10.0000 > -2.7293,strong-bullish
2012-10-31,2012-11-30,Short,30,-0.57,-9.1811,-2.7293,-9.1811 <= -2.7293,strong-bearish
2012-11-30,2013-04-30,Long,151,13.63,8.7432,-2.7293,+8.7432 > -2.7293,strong-bullish
2013-04-30,2013-05-31,Short,31,-2.36,-4.6237,-2.7293,-4.6237 <= -2.7293,strong-bearish
2013-05-31,2013-09-30,Long,122,3.84,3.3822,-2.7293,+3.3822 > -2.7293,strong-bullish
2013-09-30,2013-10-31,Short,31,-4.63,-4.4898,-2.7293,-4.4898 <= -2.7293,strong-bearish
2013-10-31,2013-12-31,Long,61,5.63,8.1197,-2.7293,+8.1197 > -2.7293,strong-bullish
2013-12-31,2014-01-31,Short,31,3.52,-6.0818,-2.7293,-6.0818 <= -2.7293,strong-bearish
2014-01-31,2014-02-28,Long,28,4.55,5.8386,-2.7293,+5.8386 > -2.7293,strong-bullish
2014-02-28,2014-03-31,Short,31,-0.83,-3.3099,-2.7293,-3.3099 <= -2.7293,bearish
2014-03-31,2014-07-31,Long,122,3.75,4.1494,-2.7293,+4.1494 > -2.7293,strong-bullish
2014-07-31,2014-08-31,Short,31,-3.95,-2.8856,-2.7293,-2.8856 <= -2.7293,bearish
2014-08-31,2014-11-30,Long,91,3.72,6.4549,-2.7293,+6.4549 > -2.7293,strong-bullish
2014-11-30,2014-12-31,Short,31,0.25,-6.6055,-2.7293,-6.6055 <= -2.7293,strong-bearish
2014-12-31,2015-05-31,Long,151,3.18,-0.7859,-2.7293,-0.7859 > -2.7293,strong-bullish
2015-05-31,2015-06-30,Short,30,2.03,-3.1993,-2.7293,-3.1993 <= -2.7293,bearish
2015-06-30,2015-09-30,Long,92,-6.42,1.2276,-2.7293,+1.2276 > -2.7293,strong-bullish
2015-09-30,2015-10-31,Short,31,-8.51,-4.8802,-2.7293,-4.8802 <= -2.7293,strong-bearish
2015-10-31,2016-01-31,Long,92,-6.28,8.7687,-2.7293,+8.7687 > -2.7293,strong-bullish
2016-01-31,2016-02-29,Short,29,0.08,-17.3314,-2.7293,-17.3314 <= -2.7293,strong-bearish
2016-02-29,2016-07-31,Long,153,13.34,2.193,-2.7293,+2.1930 > -2.7293,strong-bullish
2016-07-31,2016-08-31,Short,31,-0.12,-3.3031,-2.7293,-3.3031 <= -2.7293,bearish
2016-08-31,2016-09-30,Long,30,0.01,0.0854,-2.7293,+0.0854 > -2.7293,strong-bullish
2016-09-30,2016-10-31,Short,31,1.73,-4.6075,-2.7293,-4.6075 <= -2.7293,strong-bearish
2016-10-31,2017-04-30,Long,181,13.16,3.7567,-2.7293,+3.7567 > -2.7293,strong-bullish
2017-04-30,2017-05-31,Short,31,-1.41,-3.7606,-2.7293,-3.7606 <= -2.7293,bearish
2017-05-31,2017-08-31,Long,92,3.01,-1.9139,-2.7293,-1.9139 > -2.7293,bullish
2017-08-31,2017-09-30,Short,30,-2.01,-5.2955,-2.7293,-5.2955 <= -2.7293,strong-bearish
2017-09-30,2017-11-30,Long,61,5.49,3.0794,-2.7293,+3.0794 > -2.7293,strong-bullish
2017-11-30,2017-12-31,Short,31,-1.21,-3.4373,-2.7293,-3.4373 <= -2.7293,bearish
2017-12-31,2018-01-31,Long,31,5.64,12.0033,-2.7293,+12.0033 > -2.7293,strong-bullish
2018-01-31,2018-02-28,Short,28,3.64,-7.1693,-2.7293,-7.1693 <= -2.7293,strong-bearish
2018-02-28,2018-03-31,Long,31,-2.74,5.0159,-2.7293,+5.0159 > -2.7293,strong-bullish
2018-03-31,2018-04-30,Short,30,-0.52,-3.4875,-2.7293,-3.4875 <= -2.7293,bearish
2018-04-30,2018-05-31,Long,31,2.43,6.52,-2.7293,+6.5200 > -2.7293,strong-bullish
2018-05-31,2018-06-30,Short,30,-0.57,-4.2035,-2.7293,-4.2035 <= -2.7293,bearish
2018-06-30,2018-11-30,Long,153,2.07,0.9238,-2.7293,+0.9238 > -2.7293,strong-bullish
2018-11-30,2018-12-31,Short,31,8.8,-2.9028,-2.7293,-2.9028 <= -2.7293,bearish
2018-12-31,2019-02-28,Long,59,11.51,0.5232,-2.7293,+0.5232 > -2.7293,strong-bullish
2019-02-28,2019-03-31,Short,31,-1.81,-4.5727,-2.7293,-4.5727 <= -2.7293,strong-bearish
2019-03-31,2019-04-30,Long,30,4.09,3.2207,-2.7293,+3.2207 > -2.7293,strong-bullish
2019-04-30,2019-05-31,Short,31,6.38,-3.1963,-2.7293,-3.1963 <= -2.7293,bearish
2019-05-31,2019-07-31,Long,61,8.58,5.3459,-2.7293,+5.3459 > -2.7293,strong-bullish
2019-07-31,2019-08-31,Short,31,1.67,-4.7836,-2.7293,-4.7836 <= -2.7293,strong-bearish
2019-08-31,2019-12-31,Long,122,11.11,2.5518,-2.7293,+2.5518 > -2.7293,strong-bullish
2019-12-31,2020-01-31,Short,31,0.04,-3.5635,-2.7293,-3.5635 <= -2.7293,bearish
2020-01-31,2020-06-30,Long,151,-3.17,6.1586,-2.7293,+6.1586 > -2.7293,strong-bullish
2020-06-30,2020-07-31,Short,31,-5.89,-5.9935,-2.7293,-5.9935 <= -2.7293,strong-bearish
2020-07-31,2020-09-30,Long,61,2.97,3.6036,-2.7293,+3.6036 > -2.7293,strong-bullish
2020-09-30,2020-11-30,Short,61,-8.66,-7.4914,-2.7293,-7.4914 <= -2.7293,strong-bearish
2020-11-30,2021-08-31,Long,274,26.07,16.171,-2.7293,+16.1710 > -2.7293,strong-bullish
2021-08-31,2021-09-30,Short,30,4.66,-7.7628,-2.7293,-7.7628 <= -2.7293,strong-bearish
2021-09-30,2021-12-31,Long,92,11.07,2.63,-2.7293,+2.6300 > -2.7293,strong-bullish
2021-12-31,2022-01-31,Short,31,5.27,-2.8773,-2.7293,-2.8773 <= -2.7293,bearish
2022-01-31,2022-03-31,Long,59,0.7,0.2418,-2.7293,+0.2418 > -2.7293,strong-bullish
2022-03-31,2022-04-30,Short,30,8.78,-5.53,-2.7293,-5.5300 <= -2.7293,strong-bearish
2022-04-30,2022-08-31,Long,123,-3.67,4.0854,-2.7293,+4.0854 > -2.7293,strong-bullish
2022-08-31,2022-09-30,Short,30,9.24,-3.2813,-2.7293,-3.2813 <= -2.7293,bearish
2022-09-30,2022-11-30,Long,61,14.14,0.5924,-2.7293,+0.5924 > -2.7293,strong-bullish
2022-11-30,2022-12-31,Short,31,5.76,-8.3378,-2.7293,-8.3378 <= -2.7293,strong-bearish
2022-12-31,2023-02-28,Long,59,3.62,1.9366,-2.7293,+1.9366 > -2.7293,strong-bullish
2023-02-28,2023-03-31,Short,31,-3.71,-8.5731,-2.7293,-8.5731 <= -2.7293,strong-bearish
2023-03-31,2023-05-31,Long,61,2.07,2.7617,-2.7293,+2.7617 > -2.7293,strong-bullish
2023-05-31,2023-06-30,Short,30,-6.48,-12.1079,-2.7293,-12.1079 <= -2.7293,strong-bearish
2023-06-30,2023-09-30,Long,92,-3.22,0.6424,-2.7293,+0.6424 > -2.7293,strong-bullish
2023-09-30,2023-10-31,Short,31,2.17,-8.529,-2.7293,-8.5290 <= -2.7293,strong-bearish
2023-10-31,2023-12-31,Long,61,14.12,-0.4054,-2.7293,-0.4054 > -2.7293,strong-bullish
2023-12-31,2024-01-31,Short,31,-1.59,-7.0476,-2.7293,-7.0476 <= -2.7293,strong-bearish
2024-01-31,2024-09-30,Long,243,19.94,3.9617,-2.7293,+3.9617 > -2.7293,strong-bullish
2024-09-30,2024-10-31,Short,31,0.89,-6.4046,-2.7293,-6.4046 <= -2.7293,strong-bearish
2024-10-31,2024-11-30,Long,30,5.96,-1.1518,-2.7293,-1.1518 > -2.7293,strong-bullish
2024-11-30,2024-12-31,Short,31,2.41,-3.5641,-2.7293,-3.5641 <= -2.7293,bearish
2024-12-31,2025-03-31,Long,90,-4.27,3.838,-2.7293,+3.8380 > -2.7293,strong-bullish
2025-03-31,2025-04-30,Short,30,0.87,-2.8455,-2.7293,-2.8455 <= -2.7293,bearish
2025-04-30,2025-10-31,Long,184,23.7,-0.4184,-2.7293,-0.4184 > -2.7293,strong-bullish
2025-10-31,2025-11-30,Short,30,-0.2,-3.9838,-2.7293,-3.9838 <= -2.7293,bearish
2025-11-30,2025-12-31,Long,31,0.08,-1.9691,-2.7293,-1.9691 > -2.7293,bullish
