date,signal,threshold,position,strategy_return,benchmark_return,strategy_equity,benchmark_equity
1993-01-31,,0.0,0.0,0.0,0.0,1.0,1.0
1993-02-28,,0.0,0.0,0.0,0.010668391880305883,1.0,1.0106683918803059
1993-03-31,,0.0,0.0,0.0,0.022398227088122447,1.0,1.0333055720324285
1993-04-30,,0.0,0.0,-0.0,-0.025587295395257503,1.0,1.0068660771272693
1993-05-31,,0.0,0.0,0.0,0.026969616552683817,1.0,1.0340208691472967
1993-06-30,,0.0,0.0,0.0,0.0036071414883922515,1.0,1.0377507287242613
1993-07-31,,0.0,0.0,-0.0,-0.004854204277507934,1.0,1.032713274697901
1993-08-31,,0.0,0.0,0.0,0.03832728113867545,1.0,1.0722943667128897
1993-09-30,,0.0,0.0,-0.0,-0.007275307226931038,1.0,1.064493095757346
1993-10-31,,0.0,0.0,0.0,0.019727604542846944,1.0,1.0854929945890377
1993-11-30,-0.38535013031004706,0.0,0.0,-0.0,-0.01067358773259186,1.0,1.0739068898781778
1993-12-31,-0.8020192168285645,0.0,0.0,0.0,0.01227695900285286,1.0,1.0870912007380935
1994-01-31,2.786912473011127,0.0,1.0,0.034875749199684725,0.034875749199684725,1.0348757491996847,1.1250043208122193
1994-02-28,0.5280506721820011,0.0,1.0,-0.029163641267469287,-0.029163641267469287,1.0046950040936216,1.092195098375699
1994-03-31,-0.1182998257649337,0.0,0.0,-0.0,-0.04190186790028316,1.0046950040936216,1.0464300836422236
1994-04-30,1.8757281803376769,0.0,1.0,0.011212626656533553,0.011212626656533553,1.0159602740782079,1.058163313492269
1994-05-31,-0.5320123588619219,0.0,0.0,0.0,0.01593908690912582,1.0159602740782079,1.075029470510071
1994-06-30,0.7050976655550212,0.0,1.0,-0.022914250211392262,-0.022914250211392262,0.9926803061531452,1.0503959762381827
1994-07-31,0.7809001166934726,0.0,1.0,0.03232573410585693,0.03232573410585693,1.0247694257819724,1.0843507972719202
1994-08-31,1.3963560801887764,0.0,1.0,0.03812195872587942,0.03812195872587942,1.063835643535176,1.1256883736098948
1994-09-30,0.7740549616058967,0.0,1.0,-0.025255477560746642,-0.025255477560746642,1.0369679663115507,1.0972585761497968
1994-10-31,-0.5445368680248475,0.0,0.0,0.0,0.02842673493719783,1.0369679663115507,1.1284500548515741
1994-11-30,1.666574284500122,0.0,1.0,-0.039816130472838496,-0.039816130472838496,0.995679914468736,1.083519540235522
1994-12-31,1.9718309859154903,0.0,1.0,0.007282355361420967,0.007282355361420967,1.0029308094321265,1.0914101145685606
1995-01-31,-0.04039683954137896,0.0,0.0,0.0,0.033607570061399805,1.0029308094321265,1.128089756459644
1995-02-28,-0.5051645647858649,0.0,0.0,0.0,0.0408100101755422,1.0029308094321265,1.174127110899687
1995-03-31,1.1498578357584943,0.0,1.0,0.02784783758944731,0.02784783758944731,1.0308602637266453,1.2068240119933884
1995-04-30,0.10452529571209901,0.0,1.0,0.029622672302538566,0.029622672302538566,1.0613970995087283,1.2425733642275034
1995-05-31,1.6623995658175739,0.0,1.0,0.03967264846663543,0.03967264846663543,1.1035055335210446,1.2918695405005056
1995-06-30,0.9783441264535897,0.0,1.0,0.020229667758803638,0.020229667758803638,1.1258290838341767,1.3180036320925492
1995-07-31,0.7418772770632964,0.0,1.0,0.032165216032363775,0.032165216032363775,1.162041619531221,1.3603975036502463
1995-08-31,0.2578304593603198,0.0,1.0,0.004451770125764032,0.004451770125764032,1.1672147616979447,1.3664536806161605
1995-09-30,0.23156445400287495,0.0,1.0,0.04237667637079823,0.04237667637079823,1.2166774439096368,1.4243594460153175
1995-10-31,0.5494755006584695,0.0,1.0,-0.002938716993856616,-0.002938716993856616,1.2131019732291775,1.4201736567059522
1995-11-30,-1.454249841929367,0.0,0.0,0.0,0.04448014008931578,1.2131019732291775,1.4833431799073888
1995-12-31,1.0403299725022963,0.0,1.0,0.015733273438494955,0.015733273438494955,1.23218803828277,1.5066810237599984
1996-01-31,-0.013040322946433758,0.0,0.0,0.0,0.03557775781408479,1.23218803828277,1.560285356326409
1996-02-29,1.5123077010314567,0.0,1.0,0.0031901700906953323,0.0031901700906953323,1.2361189277086122,1.5652629320031113
1996-03-31,1.3194056529996612,0.0,1.0,0.01721856740993588,0.01721856740993588,1.2574031247920605,1.5922145173120807
1996-04-30,-0.7514527351115352,0.0,0.0,0.0,0.01086955441762072,1.2574031247920605,1.6095211796525302
1996-05-31,0.9821185541526223,0.0,1.0,0.022699572951665914,0.022699572951665914,1.2859456387529307,1.6460566230873042
1996-06-30,0.15787707591852218,0.0,1.0,0.008822226301469449,0.008822226301469449,1.2972905421893968,1.660578507121213
1996-07-31,-0.364137658314756,0.0,0.0,-0.0,-0.04493632085694976,1.2972905421893968,1.5859582185170595
1996-08-31,1.60739977178892,0.0,1.0,0.019259598852038984,0.019259598852038984,1.3222758376265087,1.6165031376017924
1996-09-30,0.2788522571300023,0.0,1.0,0.05587181172966793,0.05587181172966793,1.3961537842810658,1.7068200965662972
1996-10-31,-0.11090613013347017,0.0,0.0,0.0,0.0323317173452935,1.3961537842810658,1.7620045214877453
1996-11-30,1.5923221906886997,0.0,1.0,0.07300383717065362,0.07300383717065362,1.4980783678139127,1.8906376126683921
1996-12-31,0.352390497718269,0.0,1.0,-0.02379708213611864,-0.02379708213611864,1.4624284738487026,1.8456459541100871
1997-01-31,0.8186488309949613,0.0,1.0,0.06178550330498922,0.06178550330498922,1.5527853531529918,1.9596801183075958
1997-02-28,0.9305609712400909,0.0,1.0,0.009565583049463644,0.009565583049463644,1.5676386504065676,1.97842560122965
1997-03-31,-0.8269640395940359,0.0,0.0,-0.0,-0.04412308918557317,1.5676386504065676,1.891131351979573
1997-04-30,0.6069698883975683,0.0,1.0,0.0626036671528587,0.0626036671528587,1.665778578692577,2.0095231096812376
1997-05-31,0.013604516699539104,0.0,1.0,0.06320765619607349,0.06320765619607349,1.7710685383933613,2.1365403555160336
1997-06-30,1.1321603649699918,0.0,1.0,0.04110232721140772,0.04110232721140772,1.843863576972235,2.224357136308831
1997-07-31,1.095171828683461,0.0,1.0,0.0792632890423337,0.0792632890423337,1.9900142686284166,2.400666998937455
1997-08-31,-0.2865622761232256,0.0,0.0,-0.0,-0.05180265535857553,1.9900142686284166,2.2763060737607925
1997-09-30,0.23504054192753365,0.0,1.0,0.04809008295369388,0.04809008295369388,2.0857142198857916,2.3857738216759463
1997-10-31,1.0900173051126893,0.0,1.0,-0.02450289052335508,-0.02450289052335508,2.034608192692925,2.3273154669099343
1997-11-30,0.7313354976272057,0.0,1.0,0.03869635258154114,0.03869635258154114,2.113340108682663,2.417374086785955
1997-12-31,0.7345732084408141,0.0,1.0,0.019071523645400212,0.019071523645400212,2.1536447245361767,2.4634770938418713
1998-01-31,-1.5672416546877455,0.0,0.0,0.0,0.012878558300160048,2.1536447245361767,2.4952031272160227
1998-02-28,-0.1394438472303916,0.0,0.0,0.0,0.06929442996922752,2.1536447245361767,2.668106805573891
1998-03-31,1.2054616450946298,0.0,1.0,0.04878360572961293,0.04878360572961293,2.2587072796596104,2.798266676021505
1998-04-30,1.2242174290430619,0.0,1.0,0.012791420660774877,0.012791420660774877,2.287599354623291,2.8340604821955244
1998-05-31,0.06988812942687606,0.0,1.0,-0.02076907447143439,-0.02076907447143439,2.2400880332663147,2.775199668984256
1998-06-30,0.5448457591187283,0.0,1.0,0.04257363793841362,0.04257363793841362,2.335456730144768,2.893350014898397
1998-07-31,0.031035705840620764,0.0,1.0,-0.01351369527687718,-0.01351369527687718,2.3038960795612597,2.854250164467712
1998-08-31,-0.13641624190490198,0.0,0.0,-0.0,-0.14118029888025485,2.3038960795612597,2.451286273169144
1998-09-30,0.5222460030180898,0.0,1.0,0.06363990790029805,0.06363990790029805,2.4505158138763963,2.607285905830893
1998-10-31,0.32771282936856494,0.0,1.0,0.08108114995627713,0.08108114995627713,2.6492064540515368,2.8186876453404555
1998-11-30,-0.14571770861347977,0.0,0.0,0.0,0.0556818058087889,2.6492064540515368,2.975637263443935
1998-12-31,0.5406278922857721,0.0,1.0,0.06542180291521582,0.06542180291521582,2.8225223165702142,3.1703088180401364
1999-01-31,1.6423864283940048,0.0,1.0,0.035225955134921216,0.035225955134921216,2.9219483610610304,3.2819859742282635
1999-02-28,0.23097233603119882,0.0,1.0,-0.03206856440812178,-0.03206856440812178,2.8282456718471387,3.176737395627172
1999-03-31,0.9834341309492567,0.0,1.0,0.041468117138942606,0.041468117138942606,2.945527694665003,3.308470714068699
1999-04-30,-0.7404531724915064,0.0,0.0,0.0,0.037973947535300256,2.945527694665003,3.434106407386821
1999-05-31,-0.916254089994184,0.0,0.0,-0.0,-0.02286564551422321,2.945527694665003,3.3555833476173915
1999-06-30,1.1432725032131996,0.0,1.0,0.055378719789936914,0.055378719789936914,3.1086472475013553,3.5414112575568737
1999-07-31,1.7523987206823133,0.0,1.0,-0.03102155429850817,-0.03102155429850817,3.012212178118084,3.431551175937225
1999-08-31,0.6548359635911272,0.0,1.0,-0.005178931249454899,-0.005178931249454899,2.9966121383388398,3.41377940831806
1999-09-30,1.0232627303735198,0.0,1.0,-0.022337447362043017,-0.022337447362043017,2.9296754724342366,3.337524290479129
1999-10-31,0.24563469429059737,0.0,1.0,0.06407767174369416,0.06407767174369416,3.1174022556724297,3.5513850764010564
1999-11-30,1.302711879961449,0.0,1.0,0.016651553782120354,0.016651553782120354,3.1693118469932626,3.6105211560017683
1999-12-31,0.6477358687134505,0.0,1.0,0.05710915878107725,0.05710915878107725,3.35030858048995,3.8167149819823116
2000-01-31,0.7371770350001583,0.0,1.0,-0.049786815284042274,-0.049786815284042274,3.183507386048555,3.6266928981825215
2000-02-29,0.7773513762246553,0.0,1.0,-0.01522608548934723,-0.01522608548934723,3.1350350304326113,3.571472562071186
2000-03-31,0.3976469232235491,0.0,1.0,0.09691425495570205,0.09691425495570205,3.4388646146670148,3.9175991645190473
2000-04-30,0.8610259897383399,0.0,1.0,-0.03512071889008639,-0.03512071889008639,3.3180892172342293,3.7800102655379364
2000-05-31,1.084824711939203,0.0,1.0,-0.015722601606009246,-0.015722601606009246,3.2659202223784605,3.720578670066258
2000-06-30,0.43741500723251114,0.0,1.0,0.019682176467091583,0.019682176467091583,3.330200640522756,3.793807756010199
2000-07-31,-0.2837283107385513,0.0,0.0,-0.0,-0.01570236650953538,3.330200640522756,3.734235996158609
2000-08-31,1.3712195248514636,0.0,1.0,0.0653405615093694,0.0653405615093694,3.5477978203133747,3.9782330729561117
2000-09-30,2.202836728164659,0.0,1.0,-0.054862515243365384,-0.054862515243365384,3.3531567083160536,3.7599772003493968
2000-10-31,-0.8547971734929383,0.0,0.0,-0.0,-0.004677587910622671,3.3531567083160536,3.7423895764528257
2000-11-30,1.683919828576963,0.0,1.0,-0.07465246748802135,-0.07465246748802135,3.1028352861662487,3.463010960269171
2000-12-31,1.2387130963273263,0.0,1.0,-0.005226720072580404,-0.005226720072580404,3.0866176346941328,3.4449107713715663
2001-01-31,-2.0369438889638602,0.0,0.0,0.0,0.04445871921283606,3.0866176346941328,3.5980670920692495
2001-02-28,0.832387122628897,0.0,1.0,-0.09538716281098425,-0.09538716281098425,2.7921939358383083,3.2548576805531955
2001-03-31,0.6955196939713248,0.0,1.0,-0.056037096899152816,-0.056037096899152816,2.6357274936945103,3.0724649053150843
2001-04-30,-0.9238321561017337,0.0,0.0,0.0,0.08543980359920522,2.6357274936945103,3.334975703390656
2001-05-31,0.5556500773926443,0.0,1.0,-0.005605648341055924,-0.005605648341055924,2.620952532242006,3.316281002371482
2001-06-30,1.3214041053491776,0.0,1.0,-0.023829268623118738,-0.023829268623118738,2.558497150302768,3.2372564515362265
2001-07-31,-0.049283154121859685,0.0,0.0,-0.0,-0.010195775026581866,2.558497150302768,3.2042501130530123
2001-08-31,-0.6328469146166027,0.0,0.0,-0.0,-0.05933276009570987,2.558497150302768,3.014133109808587
2001-09-30,-0.0008201897919168921,0.0,0.0,-0.0,-0.0816301615942151,2.558497150302768,2.7680889369884376
2001-10-31,1.4332934171027434,0.0,1.0,0.01302174298688552,0.01302174298688552,2.5918132426266896,2.804134279690742
2001-11-30,-0.020215170272375182,0.0,0.0,0.0,0.07797735131014605,2.5918132426266896,3.0227932435390104
2001-12-31,-1.1221687984503959,0.0,0.0,0.0,0.0056394526806398115,2.5918132426266896,3.0398401429993065
2002-01-31,1.8808738967911909,0.0,1.0,-0.00979949086362708,-0.00979949086362708,2.5664147924353418,3.010051257291098
2002-02-28,0.456419375945849,0.0,1.0,-0.01793568544547053,-0.01793568544547053,2.520384383995619,2.9560639247655818
2002-03-31,-0.5650349650349606,0.0,0.0,0.0,0.03327042968957805,2.520384383995619,3.054413441732393
2002-04-30,-0.6028066678454902,0.0,0.0,-0.0,-0.05815551381221418,2.520384383995619,2.8767824586335125
2002-05-31,0.9113109292622212,0.0,1.0,-0.0059336012967475815,-0.0059336012967475815,2.50542942794644,2.8597127785065037
2002-06-30,-2.5882447213430027,0.0,0.0,-0.0,-0.0738073357750807,2.50542942794644,2.648644997242985
2002-07-31,8.115822810841934,0.0,1.0,-0.07881962058072511,-0.07881962058072511,2.3079524310439186,2.439879803507257
2002-08-31,-3.339394815530583,0.0,0.0,0.0,0.006800820471190683,2.3079524310439186,2.456472988022194
2002-09-30,-1.6549644999291568,0.0,0.0,-0.0,-0.10485207338379654,2.3079524310439186,2.198906702016777
2002-10-31,0.28974023427339457,0.0,1.0,0.08228391600402252,0.08228391600402252,2.497859795021216,2.379841356386208
2002-11-30,0.6687868860308921,0.0,1.0,0.06168154357814193,0.06168154357814193,2.651931642819906,2.526633644719208
2002-12-31,-0.2921368802001001,0.0,0.0,-0.0,-0.05657022386943422,2.651931642819906,2.383701413801398
2003-01-31,1.1930413211312718,0.0,1.0,-0.024594940725323422,-0.024594940725323422,2.586707541257141,2.3250744188220827
2003-02-28,-0.8458295847852848,0.0,0.0,-0.0,-0.01347867405250125,2.586707541257141,2.293735498582971
2003-03-31,0.5000198106105636,0.0,1.0,0.002139589193633107,0.002139589193633107,2.592242032759504,2.298643150268792
2003-04-30,1.4535663034393576,0.0,1.0,0.08461186035824886,0.08461186035824886,2.8115764536501344,2.49313562351278
2003-05-31,0.6648817318789524,0.0,1.0,0.05483638010206304,0.05483638010206304,2.9657531287485037,2.629850156209721
2003-06-30,-1.918162516888633,0.0,0.0,0.0,0.010651555047150874,2.9657531287485037,2.6578621499143473
2003-07-31,0.8068293182095454,0.0,1.0,0.018027296886375943,0.018027296886375943,3.019217640892151,2.705776219973915
2003-08-31,0.08550312144957051,0.0,1.0,0.020625463059975147,0.020625463059975147,3.0814904028143975,2.761584107447546
2003-09-30,1.1141018139262826,0.0,1.0,-0.010906037481068553,-0.010906037481068553,3.0478835529837505,2.7314661676645997
2003-10-31,0.844116262740835,0.0,1.0,0.05352702877550253,0.05352702877550253,3.2110277036286927,2.8776734358204945
2003-11-30,-1.4778457041860205,0.0,0.0,0.0,0.010921042996549168,3.2110277036286927,2.9091006311431173
2003-12-31,1.1784988991616618,0.0,1.0,0.05031296121673656,0.05031296121673656,3.37258401594723,3.055466098373405
2004-01-31,0.31047795951888446,0.0,1.0,0.0197699520214758,0.0197699520214758,3.439259840130903,3.115872516541493
2004-02-29,0.006504065040657814,0.0,1.0,0.01357054281765091,0.01357054281765091,3.4859324630524267,3.158156597941561
2004-03-31,1.5069321172797912,0.0,1.0,-0.013245985859968168,-0.013245985859968168,3.43975785093803,3.116323700301662
2004-04-30,0.8864399561302694,0.0,1.0,-0.018920897916964052,-0.018920897916964052,3.3746745437813557,3.0573600576920383
2004-05-31,1.094204712290292,0.0,1.0,0.01712291660522114,0.01712291660522114,3.4324588145642867,3.1097109789920334
2004-06-30,-0.1478131051098952,0.0,0.0,0.0,0.018502058407032562,3.4324588145642867,3.1672470331543345
2004-07-31,-0.4263319171613378,0.0,0.0,-0.0,-0.03221884692808552,3.4324588145642867,3.065201985809702
2004-08-31,0.40920240838475674,0.0,1.0,0.0024357439253495095,0.0024357439253495095,3.440819405270874,3.072668032926607
2004-09-30,0.5141378659391904,0.0,1.0,0.010036969964259512,0.010036969964259512,3.475354806294019,3.1035083096832317
2004-10-31,0.3369545203461666,0.0,1.0,0.012884970440020016,0.012884970440020016,3.520134650241699,3.1434969225138567
2004-11-30,0.6955021745912227,0.0,1.0,0.04451741912665175,0.04451741912665175,3.6768419598487583,3.283437292536746
2004-12-31,1.9434319871701522,0.0,1.0,0.030120696129693147,0.030120696129693147,3.787590999238268,3.3823367094861476
2005-01-31,-0.7390272156514999,0.0,0.0,-0.0,-0.02242040506905063,3.787590999238268,3.3065033503795482
2005-02-28,1.3168842863575003,0.0,1.0,0.020903882521433825,0.020903882521433825,3.8667663565255848,3.37562210797261
2005-03-31,-0.760805031267664,0.0,0.0,-0.0,-0.018292972119165696,3.8667663565255848,3.3138719468666276
2005-04-30,0.7913563396276357,0.0,1.0,-0.018735618795196363,-0.018735618795196363,3.794320096099631,3.2517845053340393
2005-05-31,-0.12226763817309028,0.0,0.0,0.0,0.03222551614652103,3.794320096099631,3.356574939415688
2005-06-30,2.0853647253083585,0.0,1.0,0.0015144165556100209,0.0015144165556100209,3.800066277270448,3.361658192074085
2005-07-31,0.2907280751291541,0.0,1.0,0.03826115045104017,0.03826115045104017,3.945461184829017,3.4902791019260033
2005-08-31,0.6878693083072651,0.0,1.0,-0.009373973374641298,-0.009373973374641298,3.908476536731749,3.457561318554482
2005-09-30,1.2848704945819245,0.0,1.0,0.008024977577995251,0.008024977577995251,3.939841973303142,3.4853081706104256
2005-10-31,-1.121332238131434,0.0,0.0,-0.0,-0.023650599510130044,3.939841973303142,3.4028785428979345
2005-11-30,1.2405596478589187,0.0,1.0,0.04395218172817761,0.04395218172817761,4.113006623694064,3.5524424790143008
2005-12-31,0.35170746654864526,0.0,1.0,-0.0019132044147719407,-0.0019132044147719407,4.1051376012636265,3.545645930380227
2006-01-31,0.8176614881439059,0.0,1.0,0.024014304837493228,0.024014304837493228,4.203719627020227,3.630792152598195
2006-02-28,-0.6188731057737984,0.0,0.0,0.0,0.00572503418184489,4.203719627020227,3.6515785617789938
2006-03-31,3.308004361459327,0.0,1.0,0.016503991348475244,0.016503991348475244,4.273097779375985,3.711844182770872
2006-04-30,0.7332430846687554,0.0,1.0,0.012631652343622513,0.012631652343622513,4.327074064955368,3.7587309080413314
2006-05-31,-1.3354158531823535,0.0,0.0,-0.0,-0.03012075169932027,4.327074064955368,3.645515107655658
2006-06-30,0.3202337607514094,0.0,1.0,0.00260867912413576,0.00260867912413576,4.338362012737206,3.6550250868137204
2006-07-31,-0.0650915390861595,0.0,0.0,0.0,0.004477847087685394,4.338362012737206,3.6713917302541264
2006-08-31,0.8477280427910294,0.0,1.0,0.021822679440054893,0.021822679440054893,4.433036696236082,3.7515113350823306
2006-09-30,0.0512124632216171,0.0,1.0,0.027001504267714527,0.027001504267714527,4.552735355508435,3.8528077844069357
2006-10-31,2.8830573514213143,0.0,1.0,0.03151665090345501,0.03151665090345501,4.696222326363812,3.974235382346203
2006-11-30,-0.6737100955109265,0.0,0.0,0.0,0.01988532958072642,4.696222326363812,4.053264362755542
2006-12-31,0.328930576824904,0.0,1.0,0.013371223697167478,0.013371223697167478,4.759016565621255,4.107461467253703
2007-01-31,0.5161048236562271,0.0,1.0,0.015040280192350375,0.015040280192350375,4.830593508208235,4.1692388386004815
2007-02-28,-0.37172486665358884,0.0,0.0,-0.0,-0.019617306905546084,4.830593508208235,4.087449600741134
2007-03-31,0.6538189185155474,0.0,1.0,0.011588791123558151,0.011588791123558151,4.886574247377676,4.134818200392194
2007-04-30,0.3173721835584731,0.0,1.0,0.04429539281084249,0.04429539281084249,5.103026973164617,4.317971596779986
2007-05-31,0.2572456475797624,0.0,1.0,0.03392040548470043,0.03392040548470043,5.276123717293724,4.464438944214183
2007-06-30,-0.7534457123857474,0.0,0.0,-0.0,-0.01462113239698426,5.276123717293724,4.399163791332574
2007-07-31,-0.08059418457648793,0.0,0.0,-0.0,-0.03130980791988658,5.276123717293724,4.261426818017831
2007-08-31,0.3093517215201791,0.0,1.0,0.0128327769015808,0.0128327769015808,5.343831035862894,4.316112757655867
2007-09-30,1.005603504003183,0.0,1.0,0.03871421673308095,0.03871421673308095,5.550713268770254,4.483207682400172
2007-10-31,-0.002185369264962045,0.0,0.0,0.0,0.013566944749618504,5.550713268770254,4.54403111332836
2007-11-30,0.3524765457922907,0.0,1.0,-0.03873281459432176,-0.03873281459432176,5.335718520864734,4.368027998704983
2007-12-31,0.7074547185425217,0.0,1.0,-0.011260456808488861,-0.011260456808488861,5.275635892918283,4.318842008087295
2008-01-31,-0.25640391958184905,0.0,0.0,-0.0,-0.06046143658512515,5.275635892918283,4.057718615894151
2008-02-29,1.3590272486821542,0.0,1.0,-0.025842195578025362,-0.025842195578025362,5.139301878375038,3.95285825782162
2008-03-31,-0.974742258590866,0.0,0.0,-0.0,-0.00894207008810477,5.139301878375038,3.9175115222318353
2008-04-30,0.4255174712104459,0.0,1.0,0.04766198003034838,0.04766198003034838,5.384251181872081,4.104227878173108
2008-05-31,0.611144397843022,0.0,1.0,0.01511626947823963,0.01511626947823963,5.465640973675789,4.166268492779676
2008-06-30,0.37380437571004066,0.0,1.0,-0.08357574912079102,-0.08357574912079102,5.008845934875546,3.818069482457266
2008-07-31,0.5707887594776473,0.0,1.0,-0.008985775932864537,-0.008985775932864537,4.963837567622515,3.783761165591797
2008-08-31,1.0519023186020604,0.0,1.0,0.015453981399564887,0.015453981399564887,5.040548621063015,3.8422353402652485
2008-09-30,-1.4256588657599378,0.0,0.0,-0.0,-0.09417398625391071,5.040548621063015,3.480396722146819
2008-10-31,0.3702252633944747,0.0,1.0,-0.16518655272055938,-0.16518655272055938,4.207917770529246,2.9054819855154514
2008-11-30,-0.7894625360840957,0.0,0.0,-0.0,-0.06960606416666115,4.207917770529246,2.703242819996585
2008-12-31,0.19031991435602968,0.0,1.0,0.009795991268991333,0.009795991268991333,4.249138496269984,2.729723763059235
2009-01-31,-0.13881574341005898,0.0,0.0,-0.0,-0.08211455560222802,4.249138496269984,2.505573709338784
2009-02-28,0.9300780094928296,0.0,1.0,-0.10744921141454666,-0.10744921141454666,3.792571915654581,2.2363517901293113
2009-03-31,0.20417532498913094,0.0,1.0,0.08331139220591743,0.08331139220591743,4.108536361988827,2.42266537122718
2009-04-30,-0.44097611555201643,0.0,0.0,0.0,0.09934563273024799,4.108536361988827,2.663346595425405
2009-05-31,-0.9097762344043803,0.0,0.0,0.0,0.05845381152537277,4.108536361988827,2.819029355341145
2009-06-30,-1.7500977708251875,0.0,0.0,-0.0,-0.0006550125463634648,4.108536361988827,2.8171828557448295
2009-07-31,-3.918300328390889,0.0,0.0,0.0,0.0746054798129856,4.108536361988827,3.0273601344185894
2009-08-31,-4.392687915900673,0.0,0.0,0.0,0.03694039358299239,4.108536361988827,3.139192009301473
2009-09-30,-2.6489864453140832,0.0,0.0,0.0,0.03545669969645182,4.108536361988827,3.2504973976647764
2009-10-31,1.6962767455689143,0.0,1.0,-0.019225108629631338,-0.019225108629631338,4.029549304120802,3.188006232094337
2009-11-30,-0.3487787614250726,0.0,0.0,0.0,0.06160680719163247,4.029549304120802,3.3844091173606956
2009-12-31,-1.855340408813122,0.0,0.0,0.0,0.019100509522676168,4.029549304120802,3.4490530559354755
2010-01-31,0.5272321709518746,0.0,1.0,-0.036342570720640954,-0.036342570720640954,3.883105123563482,3.323705601330898
2010-02-28,0.9338156018502408,0.0,1.0,0.03119501333673491,0.03119501333673491,4.004238639680989,3.427388641891796
2010-03-31,1.806591664800239,0.0,1.0,0.060879751134500726,0.060879751134500726,4.248015691547919,3.636047209451383
2010-04-30,0.49753264423368915,0.0,1.0,0.015469893444995941,0.015469893444995941,4.313732041648836,3.6922964723425706
2010-05-31,2.0014953119948276,0.0,1.0,-0.07945420388852265,-0.07945420388852265,3.9709878964912164,3.398927995612191
2010-06-30,-2.78072182546365,0.0,0.0,-0.0,-0.05174154852760504,3.9709878964912164,3.2230621977853873
2010-07-31,1.2287357063532234,0.0,1.0,0.06830121818299073,0.06830121818299073,4.242211207211478,3.4432012721736767
2010-08-31,0.8441055198998848,0.0,1.0,-0.04498076957535935,-0.04498076957535935,4.051393282409892,3.2883234291484484
2010-09-30,0.45777705325982243,0.0,1.0,0.08955505786976459,0.08955505786976459,4.4142160422692855,3.5828094241403403
2010-10-31,0.12120850843988507,0.0,1.0,0.038202141218927954,0.038202141218927954,4.582848546886914,3.7196804157218555
2010-11-30,-0.004961548002979654,0.0,0.0,0.0,0.0,4.582848546886914,3.7196804157218555
2010-12-31,2.3866230028778412,0.0,1.0,0.06685208170442336,0.06685208170442336,4.889221512382395,3.9683487947880365
2011-01-31,0.8458121314917966,0.0,1.0,0.02329986223379299,0.02329986223379299,5.003139700051402,4.060810775002236
2011-02-28,-0.956292468516029,0.0,0.0,0.0,0.03473716459142606,5.003139700051402,4.201871827268125
2011-03-31,-0.18437174519178035,0.0,0.0,0.0,0.00012017773654715569,5.003139700051402,4.202376798713587
2011-04-30,0.3094741208342411,0.0,1.0,0.028961763527368012,0.028961763527368012,5.148039448938677,4.324085041810828
2011-05-31,0.39348329634332213,0.0,1.0,-0.011214718166062454,-0.011214718166062454,5.090305637411058,4.275591646740833
2011-06-30,0.9730950794983872,0.0,1.0,-0.01686934683072494,-0.01686934683072494,5.004435506139177,4.203465208345412
2011-07-31,1.2473508931274635,0.0,1.0,-0.020005019056306028,-0.020005019056306028,4.904321678472808,4.119374806749942
2011-08-31,0.9430309821560678,0.0,1.0,-0.05497568587402735,-0.05497568587402735,4.634703230451905,3.8929093513766753
2011-09-30,0.8500288436052994,0.0,1.0,-0.06942065442868972,-0.06942065442868972,4.312959099111171,3.6226610365725405
2011-10-31,0.6966152476184373,0.0,1.0,0.10914766171418955,0.10914766171418955,4.7837084998480925,4.018066017897535
2011-11-30,0.7292568642261799,0.0,1.0,-0.004064050910129735,-0.004064050910129735,4.76426726496549,4.001736393040537
2011-12-31,0.94863877042759,0.0,1.0,0.01044854724387756,0.01044854724387756,4.814046936565941,4.0435487248007655
2012-01-31,0.6123909518330972,0.0,1.0,0.046373933895453856,0.046373933895453856,5.037293230971862,4.231063986067723
2012-02-29,-0.23410136589142594,0.0,0.0,0.0,0.04340586426238624,5.037293230971862,4.41471697513245
2012-03-31,0.8119515416249223,0.0,1.0,0.03216359327495799,0.03216359327495799,5.19931068165954,4.5567101363446625
2012-04-30,-0.055504494073554955,0.0,0.0,-0.0,-0.006675543783589033,5.19931068165954,4.52629161832037
2012-05-31,0.07195705268689956,0.0,1.0,-0.060055923229949904,-0.060055923229949904,4.887061278513136,4.2544609963741555
2012-06-30,1.1480980895862691,0.0,1.0,0.04058143722006746,0.04058143722006746,5.085385248977739,4.427113138203739
2012-07-31,0.6038152154354881,0.0,1.0,0.01182921483092536,0.01182921483092536,5.145541363585916,4.479482410596364
2012-08-31,0.338945282034131,0.0,1.0,0.025053152908102172,0.025053152908102172,5.274453398162798,4.5917075683781885
2012-09-30,0.25685682058596004,0.0,1.0,0.02535060449883142,0.02535060449883142,5.40816398020714,4.708110130918435
2012-10-31,0.7470277738105935,0.0,1.0,-0.018198314634604307,-0.018198314634604307,5.309744510499797,4.622430461421613
2012-11-30,1.3565510218251697,0.0,1.0,0.005659864511791124,0.005659864511791124,5.339796945021453,4.6485927915484355
2012-12-31,0.40046240134723465,0.0,1.0,0.00893438536368718,0.00893438536368718,5.387504748692114,4.690125110946988
2013-01-31,-0.5759805315168842,0.0,0.0,0.0,0.05119043820379421,5.387504748692114,4.930214670606983
2013-02-28,-0.18814944441585268,0.0,0.0,0.0,0.012758697168943955,5.387504748692114,4.993117786567142
2013-03-31,-1.0671395503403347,0.0,0.0,0.0,0.03797131788221386,5.387504748692114,5.182713049264219
2013-04-30,0.4624441490824971,0.0,1.0,0.01921204135295751,0.01921204135295751,5.491009712713242,5.282283546687196
2013-05-31,1.3967994096893976,0.0,1.0,0.02360986955895683,0.02360986955895683,5.620651735777367,5.406997572197904
2013-06-30,0.7939576214814892,0.0,1.0,-0.013344786947561138,-0.013344786947561138,5.545645335856978,5.334842341570942
2013-07-31,0.04850877811464205,0.0,1.0,0.051677084292143904,0.051677084292143904,5.832228117332394,5.610531438941602
2013-08-31,0.3977482543897404,0.0,1.0,-0.029992380094768345,-0.029992380094768345,5.657305714837966,5.4422582474912184
2013-09-30,0.38213377208990984,0.0,1.0,0.03164668526749903,0.03164668526749903,5.836340688257467,5.614487681394024
2013-10-31,0.7658334242375942,0.0,1.0,0.04630676976871473,0.04630676976871473,6.106602772800388,5.874476469825622
2013-11-30,1.3795706953646958,0.0,1.0,0.02963743411464881,0.02963743411464881,6.2875868101435906,6.048580879158134
2013-12-31,-0.8430373438984562,0.0,0.0,0.0,0.025926882220801195,6.2875868101435906,6.205401723215057
2014-01-31,-0.4553387013044419,0.0,0.0,-0.0,-0.035248601972728166,6.2875868101435906,5.986669987792568
2014-02-28,0.6499324547363461,0.0,1.0,0.045515962471536,0.045515962471536,6.573772375430611,6.259159034286405
2014-03-31,0.36903114854398567,0.0,1.0,0.008295193640452725,0.008295193640452725,6.628303090233067,6.3110799705022
2014-04-30,0.5662019709979482,0.0,1.0,0.00695144645915291,0.00695144645915291,6.67437938427986,6.354951105016578
2014-05-31,-0.1911299328587801,0.0,0.0,0.0,0.023207024361799444,6.67437938427986,6.502430610128743
2014-06-30,0.03419570337825917,0.0,1.0,0.020644414901200392,0.020644414901200392,6.812168041496952,6.636669485510506
2014-07-31,0.21221435837972535,0.0,1.0,-0.013437460221809139,-0.013437460221809139,6.720629804415058,6.547489503293664
2014-08-31,0.11570662911659646,0.0,1.0,0.03946364689378434,0.03946364689378434,6.985850365920337,6.8058773170924045
2014-09-30,0.7171516730813288,0.0,1.0,-0.013796435263846218,-0.013796435263846218,6.889470533584,6.71198047127346
2014-10-31,-0.7618423865829116,0.0,0.0,0.0,0.0235511779265829,6.889470533584,6.870055517592171
2014-11-30,1.2683945849832456,0.0,1.0,0.027471611440053945,0.027471611440053945,7.078735391110321,7.0587870133430615
2014-12-31,1.0637295164743321,0.0,1.0,-0.002536461067554785,-0.002536461067554785,7.060780454383248,7.040882674899556
2015-01-31,1.1050268462635016,0.0,1.0,-0.029629488493269074,-0.029629488493269074,6.8515731411566,6.832264922701162
2015-02-28,0.09356090155812069,0.0,1.0,0.05620480317482479,0.05620480317482479,7.236664460993223,7.2162710279198405
2015-03-31,0.2188068575280422,0.0,1.0,-0.01570575445935396,-0.01570575445935396,7.123007185864131,7.102934047043182
2015-04-30,0.11218597123625607,0.0,1.0,0.00983413598449201,0.00983413598449201,7.193055807148432,7.172785266350683
2015-05-31,0.779960372134525,0.0,1.0,0.012855774410408971,0.012855774410408971,7.285528109926615,7.2649969756291926
2015-06-30,-0.45310494066669316,0.0,0.0,-0.0,-0.020311506628075793,7.285528109926615,7.11743394140575
2015-07-31,0.27362357662115144,0.0,1.0,0.022588481391259796,0.022588481391259796,7.450097126063192,7.278205965544714
2015-08-31,0.29635581480891293,0.0,1.0,-0.060949739676639636,-0.060949739676639636,6.9960156456639595,6.834601206631798
2015-09-30,-0.9824194517490836,0.0,0.0,-0.0,-0.02551581694185734,6.9960156456639595,6.660210773372784
2015-10-31,-0.5684534598431212,0.0,0.0,0.0,0.0850594776441378,6.9960156456639595,7.226724822755732
2015-11-30,-0.24410992343825155,0.0,0.0,0.0,0.003654894590353175,6.9960156456639595,7.253137740216393
2015-12-31,1.6120489202688493,0.0,1.0,-0.017282086385654538,-0.017282086385654538,6.875109898920204,7.127788387222922
2016-01-31,0.055254234637636124,0.0,1.0,-0.04978678002413717,-0.04978678002413717,6.532820314740896,6.7729187547296545
2016-02-29,0.8497159364718732,0.0,1.0,-0.000825924460799321,-0.000825924460799321,6.5274246986449445,6.7673248354591164
2016-03-31,0.011364957187698366,0.0,1.0,0.06726600050606302,0.06726600050606302,6.966498451727284,7.222535711265802
2016-04-30,0.9695272973329061,0.0,1.0,0.0039414099674408565,0.0039414099674408565,6.993956278163083,7.251002685508383
2016-05-31,-0.09796574012732595,0.0,0.0,0.0,0.01701140132518031,6.993956278163083,7.374352402201526
2016-06-30,-0.5169367846992845,0.0,0.0,0.0,0.0034760086071286,6.993956278163083,7.399985714623578
2016-07-31,-0.3821892106827707,0.0,0.0,0.0,0.036471199503613105,6.993956278163083,7.669872069945502
2016-08-31,0.3782300692905194,0.0,1.0,0.0011972177619561375,0.0011972177619561375,7.002329566845644,7.6790545770195715
2016-09-30,0.2627853704990635,0.0,1.0,5.793106335305609e-05,5.793106335305609e-05,7.0027352192434,7.6794994328167645
2016-10-31,-0.5308675885827507,0.0,0.0,-0.0,-0.017336452695063898,7.0027352192434,7.546364154177967
2016-11-30,0.6570610839701452,0.0,1.0,0.03683801934421793,0.03683801934421793,7.260702114712324,7.824357262868087
2016-12-31,-0.2643393183583753,0.0,0.0,0.0,0.020271687225272172,7.260702114712324,7.9829701860397355
2017-01-31,0.5434475241517855,0.0,1.0,0.0178947344223368,0.0178947344223368,7.3906304507748,8.12582331742035
2017-02-28,0.30349362842356786,0.0,1.0,0.03929161719025487,0.03929161719025487,7.681020273241285,8.445100056564078
2017-03-31,1.2271252284609346,0.0,1.0,0.0012499920386253027,0.0012499920386253027,7.690621487431356,8.455656364400177
2017-04-30,-0.14303233588424114,0.0,0.0,0.0,0.009926160537276019,7.690621487431356,8.539588566921253
2017-05-31,-0.0635489036553194,0.0,0.0,0.0,0.01411285243042526,7.690621487431356,8.66010652018276
2017-06-30,0.6318557229120891,0.0,1.0,0.006375015463495393,0.006375015463495393,7.73964931833762,8.715314833164442
2017-07-31,0.21063348019167982,0.0,1.0,0.020554136726402605,0.020554136726402605,7.89873112864114,8.894450605858948
2017-08-31,-0.23946731658980314,0.0,0.0,0.0,0.0029178015490842757,7.89873112864114,8.920402847614977
2017-09-30,1.6138256245610494,0.0,1.0,0.02014939560751383,0.02014939560751383,8.057885786949514,9.100143573569964
2017-10-31,0.7787931298350648,0.0,1.0,0.023563849738422737,0.023563849738422737,8.247760596842564,9.31457798933564
2017-11-30,-0.02792276660731341,0.0,0.0,0.0,0.030566023379536622,8.247760596842564,9.59928759792819
2017-12-31,-0.12862760470899737,0.0,0.0,0.0,0.012128177392294104,8.247760596842564,9.715709460755512
2018-01-31,0.36896204891692097,0.0,1.0,0.056358982084542486,0.056358982084542486,8.71259598855761,10.263276956192852
2018-02-28,-0.6171572149955784,0.0,0.0,-0.0,-0.0363604201437,8.71259598855761,9.890099894014526
2018-03-31,0.6045119512849029,0.0,1.0,-0.027410296112404975,-0.027410296112404975,8.473781152603493,9.619009327338322
2018-04-30,0.011245101658152734,0.0,1.0,0.005167952026732259,0.005167952026732259,8.517573247085176,9.668719906086697
2018-05-31,0.1205046038625035,0.0,1.0,0.024308747044050838,0.024308747044050838,8.724624780577745,9.903754372523537
2018-06-30,2.298550314204384,0.0,1.0,0.00575127958495103,0.00575127958495103,8.77480253696464,9.960713632860601
2018-07-31,-0.00525033351550519,0.0,0.0,0.0,0.037046488772164654,8.77480253696464,10.32972309862312
2018-08-31,1.0083556285337192,0.0,1.0,0.03191970120432397,0.03191970120432397,9.054891612071495,10.659444773454574
2018-09-30,0.5484093529667611,0.0,1.0,0.005945626787698055,0.005945626787698055,9.10872861819993,10.722821853841614
2018-10-31,-0.5505880694168686,0.0,0.0,-0.0,-0.06910423873747873,9.10872861819993,9.981829412514289
2018-11-30,0.5446571613555662,0.0,1.0,0.018549198090370478,0.018549198090370478,9.277688229690346,10.166984343591302
2018-12-31,-0.09870577922337365,0.0,0.0,-0.0,-0.08804838462422748,9.277688229690346,9.271797795638276
2019-01-31,0.19101972066895012,0.0,1.0,0.08006535579699992,0.08006535579699992,10.020509638774142,10.014147585023894
2019-02-28,1.5123303881906303,0.0,1.0,0.03241601970928576,0.03241601970928576,10.345334676721732,10.338766390511724
2019-03-31,-0.5393902946754903,0.0,0.0,0.0,0.018100378364304337,10.345334676721732,10.525901974000138
2019-04-30,0.47952596230766975,0.0,1.0,0.04085247340529463,0.04085247340529463,10.76796718647138,10.955911104459718
2019-05-31,-0.009026315180415967,0.0,0.0,-0.0,-0.0637710321571251,10.76796718647138,10.257241345106614
2019-06-30,-0.13725866893811167,0.0,0.0,0.0,0.06958590481109428,10.76796718647138,10.971000764971624
2019-07-31,1.0328251104446018,0.0,1.0,0.015119856374688379,0.015119856374688379,10.930777303778184,11.13688072082459
2019-08-31,0.6235460914809643,0.0,1.0,-0.016743343209387196,-0.016743343209387196,10.747759547835646,10.950412104633818
2019-09-30,-2.206961961825027,0.0,0.0,0.0,0.01945807168624558,10.747759547835646,11.163486008359714
2019-10-31,0.30634226404184783,0.0,1.0,0.02210456289584184,0.02210456289584184,10.985334074750163,11.410249986968351
2019-11-30,0.22033906183904772,0.0,1.0,0.03619792813388423,0.03619792813388423,11.38298040811468,11.823277395986285
2019-12-31,1.6238630407658716,0.0,1.0,0.029055710029706416,0.029055710029706416,11.713720986126688,12.166811115604844
2020-01-31,-0.10520406393486059,0.0,0.0,-0.0,-0.00040390994815742154,11.713720986126688,12.1618968195579
2020-02-29,1.0917564279758318,0.0,1.0,-0.07916576739663461,-0.07916576739663461,10.786395275189905,11.199090924838908
2020-03-31,-0.08994065724474698,0.0,0.0,-0.0,-0.1248712974315086,10.786395275189905,9.80064591100084
2020-04-30,0.7210777262075974,0.0,1.0,0.12698332246136124,0.12698332246136124,12.15608758461505,11.045164491047082
2020-05-31,0.7219786932073369,0.0,1.0,0.04764515626713384,0.04764515626713384,12.735266277181,11.571413079219218
2020-06-30,-0.8837975648746221,0.0,0.0,0.0,0.017734944650483753,12.735266277181,11.776631449707054
2020-07-31,0.24114001642090432,0.0,1.0,0.05889214356956862,0.05889214356956862,13.485273407173429,12.470182519809098
2020-08-31,0.7658871657238109,0.0,1.0,0.06979686673494889,0.06979686673494889,14.426503238058263,13.340562187304704
2020-09-30,0.13428647781934533,0.0,1.0,-0.0374437397121572,-0.0374437397121572,13.886321005855816,12.84104164914942
2020-10-31,-0.41566309272021984,0.0,0.0,-0.0,-0.02493389687715719,13.886321005855816,12.520864440874247
2020-11-30,0.04421873534417031,0.0,1.0,0.10877724904637298,0.10877724904637298,15.396836804247675,13.8828496304351
2020-12-31,-6.0311805202110875,0.0,0.0,0.0,0.03704827025904489,15.396836804247675,14.397185195509142
2021-01-31,-12.034093986516336,0.0,0.0,-0.0,-0.010190275975103358,15.396836804247675,14.25047390510223
2021-02-28,18.27213904552034,0.0,1.0,0.027805254778851873,0.027805254778851873,15.824949774378185,14.64671196275298
2021-03-31,6.357473450589901,0.0,1.0,0.04539926399422378,0.04539926399422378,16.543390846880513,15.311661905797358
2021-04-30,1.3037784456848334,0.0,1.0,0.052910658612828065,0.052910658612828065,17.418712552278393,16.121812021690047
2021-05-31,0.38633276326469623,0.0,1.0,0.006565975965235671,0.006565975965235671,17.533083400242003,16.227667451940512
2021-06-30,1.9012193474295724,0.0,1.0,0.02242729381075259,0.02242729381075259,17.92630301306766,16.59161011774837
2021-07-31,-0.4016971133328662,0.0,0.0,0.0,0.024412506228186137,17.92630301306766,16.99665290308354
2021-08-31,-0.5582792352988863,0.0,0.0,0.0,0.029759866827483217,17.92630301306766,17.50247102999226
2021-09-30,1.6461714486518009,0.0,1.0,-0.04660555609265349,-0.04660555609265349,17.09083769245823,16.686758634643915
2021-10-31,3.2215314775830395,0.0,1.0,0.07016377856033751,0.07016377856033751,18.28999544372254,17.85756467237487
2021-11-30,-2.5516144209376312,0.0,0.0,-0.0,-0.008034915842206614,18.28999544372254,17.714080643085577
2021-12-31,10.393101543560324,0.0,1.0,0.046247932275886416,0.046247932275886416,19.13586991433009,18.533320244996588
2022-01-31,0.48034958775553527,0.0,1.0,-0.0527412413532764,-0.0527412413532764,18.126620380673508,17.55584992887766
2022-02-28,-1.034675460485912,0.0,0.0,-0.0,-0.02951719349198989,18.126620380673508,17.03765050961064
2022-03-31,0.6640091392108305,0.0,1.0,0.03759046075111683,0.03759046075111683,18.80800839264361,17.678103642383405
2022-04-30,-2.1386572668434023,0.0,0.0,-0.0,-0.0877693127023429,18.80800839264361,16.12650863581063
2022-05-31,0.7334468407113048,0.0,1.0,0.0022574490127691416,0.0022574490127691416,18.85046651262174,16.162913406809952
2022-06-30,0.7838836231424118,0.0,1.0,-0.08246026317075283,-0.08246026317075283,17.296052083099486,14.830115313678315
2022-07-31,1.6230287468019355,0.0,1.0,0.09208714650942373,0.09208714650942373,18.88879616531049,16.19577831532066
2022-08-31,1.0490299086293398,0.0,1.0,-0.04080177591734058,-0.04080177591734058,18.118099736825172,15.534961797692022
2022-09-30,-0.6904598589683619,0.0,0.0,-0.0,-0.09244608407498522,18.118099736825172,14.098815413240901
2022-10-31,2.3717422804174104,0.0,1.0,0.08127573475618233,0.08127573475618233,19.590661605321433,15.244706995143844
2022-11-30,0.6282830915097959,0.0,1.0,0.05559150717499772,0.05559150717499772,20.679736010516613,16.09218323344512
2022-12-31,1.8993325375104009,0.0,1.0,-0.05762816397495363,-0.05762816397495363,19.488000792743808,15.164820259353144
2023-01-31,1.1241372707729624,0.0,1.0,0.06288730283874155,0.06288730283874155,20.713548600318724,16.118494903498167
2023-02-28,-0.18917518586161197,0.0,0.0,-0.0,-0.025142732052405803,20.713548600318724,15.713231905051444
2023-03-31,0.9850925421320156,0.0,1.0,0.03707786046244155,0.03707786046244155,21.48156266500334,16.295844925040925
2023-04-30,-1.074021955201554,0.0,0.0,0.0,0.015974841370329118,21.48156266500334,16.556168462713938
2023-05-31,0.3330070589210088,0.0,1.0,0.004616354139720835,0.004616354139720835,21.5807291657396,16.6325975995347
2023-06-30,-0.30110324227970997,0.0,0.0,0.0,0.06479971073208612,21.5807291657396,17.71038511270774
2023-07-31,0.9595372131311564,0.0,1.0,0.03273325825695461,0.03273325825695461,22.287136746895147,18.29010372243213
2023-08-31,-1.4786173133267022,0.0,0.0,-0.0,-0.016251943528180934,22.287136746895147,17.99285398961059
2023-09-30,-1.2556475511662946,0.0,0.0,-0.0,-0.04743446902075976,22.287136746895147,17.139372514445355
2023-10-31,4.01409898457088,0.0,1.0,-0.021708808972479177,-0.021708808972479177,21.80330955271328,16.7672971506211
2023-11-30,-0.9796203823205452,0.0,0.0,0.0,0.09134401936389525,21.80330955271328,18.29888946622762
2023-12-31,-1.254424948606625,0.0,0.0,0.0,0.0456553235023327,21.80330955271328,19.134331184541672
2024-01-31,0.87454994022238,0.0,1.0,0.015926453767612703,0.015926453767612703,22.150558954285515,19.439073225526464
2024-02-29,0.4131028269797943,0.0,1.0,0.05218676375735121,0.05218676375735121,23.306524941526092,20.453535547608865
2024-03-31,0.4066274821503457,0.0,1.0,0.03270202420211521,0.03270202420211521,24.068695484231082,21.122407562105593
2024-04-30,0.09971630964717981,0.0,1.0,-0.04031950892934977,-0.04031950892934977,23.098257501736825,20.27076246179591
2024-05-31,1.0070308880505419,0.0,1.0,0.050579531573536896,0.050579531573536896,24.266556546339608,21.296048131751984
2024-06-30,0.6325700489422825,0.0,1.0,0.035280096711594267,0.035280096711594267,25.12268300815184,22.04737476941496
2024-07-31,-0.5741657150107882,0.0,0.0,0.0,0.012109116371118,25.12268300815184,22.314348996175458
2024-08-31,-0.3274465716343933,0.0,0.0,0.0,0.023365625082593544,25.12268300815184,22.83573770878224
2024-09-30,0.11607788168817024,0.0,1.0,0.02100455598615647,0.02100455598615647,25.650373809919024,23.31539223997154
2024-10-31,-0.8938908483885788,0.0,0.0,-0.0,-0.008923539734813524,25.650373809919024,23.10733641088539
2024-11-30,0.7236681246434395,0.0,1.0,0.05963331594563215,0.05963331594563215,27.179990655449494,24.48530350373773
2024-12-31,0.465774115568629,0.0,1.0,-0.024059968652355157,-0.024059968652355157,26.526040932308074,23.896187868994396
2025-01-31,-0.049163630994231156,0.0,0.0,0.0,0.026856345883270905,26.526040932308074,24.53795215569573
2025-02-28,0.7883480281226651,0.0,1.0,-0.012694736490296177,-0.012694736490296177,26.189299832541614,24.22644931906768
2025-03-31,-0.06545941516259424,0.0,0.0,-0.0,-0.05571920643497963,26.189299832541614,22.876570788271977
2025-04-30,0.9725340386913528,0.0,1.0,-0.008670166230189347,-0.008670166230189347,25.962234249541208,22.678227116760965
2025-05-31,-0.3652936379812899,0.0,0.0,0.0,0.06284493303163585,25.962234249541208,24.103438781190036
2025-06-30,0.8570230996966632,0.0,1.0,0.051386230006752465,0.051386230006752465,27.296335590177318,25.342023630353946
2025-07-31,0.656729755212937,0.0,1.0,0.023031446515753284,0.023031446515753284,27.92500968339854,25.9256870921974
2025-08-31,0.5829248072692694,0.0,1.0,0.02051948404438786,0.02051948404438786,28.49801647403641,26.457668814825535
2025-09-30,0.8711044481653163,0.0,1.0,0.03562043418529992,0.03562043418529992,29.51312819426142,27.400102465540492
2025-10-31,-1.0564360082546131,0.0,0.0,0.0,0.02383739357630099,29.51312819426142,28.053249492042557
2025-11-30,0.24238187744352047,0.0,1.0,0.0019500049129079766,0.0019500049129079766,29.570678939235513,28.107953466375072
2025-12-31,1.424503272595179,0.0,1.0,0.0007975029584423865,0.0007975029584423865,29.594261643172704,28.130369642420266
2026-01-31,-0.1835566499312491,0.0,0.0,0.0,0.014737818820090842,29.594261643172704,28.54494993355244
2026-02-28,-1.238562677807109,0.0,0.0,-0.0,-0.008642046247570145,29.594261643172704,28.29826315609211
2026-03-31,0.6894929769358127,0.0,1.0,-0.04937956664344334,-0.04937956664344334,28.132909828100157,26.90090718468216
2026-04-30,1.2548506663273118,0.0,1.0,0.10505268686597247,0.10505268686597247,31.088347594900203,29.726919763565164
2026-05-31,0.5676277202142588,0.0,1.0,0.05262575303750272,0.05262575303750272,32.72439529777346,31.291321301608203
2026-06-30,0.03891487608143063,0.0,1.0,-0.010292566443839024,-0.010292566443839024,32.387577284836674,30.969253297995884
2026-07-31,-0.16587733932115212,0.0,0.0,0.0,0.00034817917005858234,32.387577284836674,30.980036146906514
